Workbook

Sheet GAD DISPATCHER SCHEDULE
E1: NETWORK OPERATIONS CENTER GUARANTEED ASSIGNED DISPATCHER SCHEDULE
F4: HOLD | G4: =TEXT(G5,"dddd") -> Saturday | H4: =TEXT(H5,"dddd") -> Sunday | I4: =TEXT(I5,"dddd") -> Monday | J4: =TEXT(J5,"dddd") -> Tuesday | K4: =TEXT(K5,"dddd") -> Wednesday | L4: =TEXT(L5,"dddd") -> Thursday | M4: =TEXT(M5,"dddd") -> Friday
C5: NAME | E5: DIVISION | F5: DOWN | G5: =Sheet1!F1 -> 45969 | H5: =+G5+1 -> 45970 | I5: =+H5+1 -> 45971 | J5: =+I5+1 -> 45972 | K5: =+J5+1 -> 45973 | L5: =+K5+1 -> 45974 | M5: =+L5+1 -> 45975
C6: KEYSTONE
B7: MV, CT, HE, HT | C7: {=_xlfn._xlws.FILTER(Sheet1!$A$2:$C$333,Sheet1!$C$2:$C$333='GAD DISPATCHER SCHEDULE'!$U$13)} -> ALLEN, RYAN | D7: 1026388 | E7: KEYSTONE -GAD | F7: =_xlfn.IFNA(VLOOKUP($D7,Sheet1!$B$2:$E$333,4,FALSE),"") -> 0 | G7: =IFERROR(VLOOKUP($D7,Sheet1!$B$2:$S$333,6,FALSE),"") -> HE-3 | H7: =IFERROR(VLOOKUP($D7,Sheet1!$B$2:$S$333,8,FALSE),"") -> S-SD | I7: =IFERROR(VLOOKUP($D7,Sheet1!$B$2:$S$333,10,FALSE),"") -> HE-3 | J7: =IFERROR(VLOOKUP($D7,Sheet1!$B$2:$S$333,12,FALSE),"") -> V-SD | K7: =IFERROR(VLOOKUP($D7,Sheet1!$B$2:$S$333,14,FALSE),"") -> OFF | L7: =IFERROR(VLOOKUP($D7,Sheet1!$B$2:$S$333,16,FALSE),"") -> OFF | M7: =IFERROR(VLOOKUP($D7,Sheet1!$B$2:$S$333,18,FALSE),"") -> V-SD
B8: MV, PE, RL, (CT-LE) | C8: FLEITES, FRANK | D8: 1030369 | E8: KEYSTONE -GAD | F8: =_xlfn.IFNA(VLOOKUP($D8,Sheet1!$B$2:$E$333,4,FALSE),"") -> CE-R | G8: =IFERROR(VLOOKUP($D8,Sheet1!$B$2:$S$333,6,FALSE),"") -> CE-1 | H8: =IFERROR(VLOOKUP($D8,Sheet1!$B$2:$S$333,8,FALSE),"") -> CE-1 | I8: =IFERROR(VLOOKUP($D8,Sheet1!$B$2:$S$333,10,FALSE),"") -> CE-2 | J8: =IFERROR(VLOOKUP($D8,Sheet1!$B$2:$S$333,12,FALSE),"") -> CE-2 | K8: =IFERROR(VLOOKUP($D8,Sheet1!$B$2:$S$333,14,FALSE),"") -> CE-3 | L8: =IFERROR(VLOOKUP($D8,Sheet1!$B$2:$S$333,16,FALSE),"") -> OFF | M8: =IFERROR(VLOOKUP($D8,Sheet1!$B$2:$S$333,18,FALSE),"") -> OFF
B9: PE, MV, CT, CE | C9: GEE, ASHLEY | D9: 1029340 | E9: KEYSTONE -GAD | F9: =_xlfn.IFNA(VLOOKUP($D9,Sheet1!$B$2:$E$333,4,FALSE),"") -> 0 | G9: =IFERROR(VLOOKUP($D9,Sheet1!$B$2:$S$333,6,FALSE),"") -> OFF | H9: =IFERROR(VLOOKUP($D9,Sheet1!$B$2:$S$333,8,FALSE),"") -> OFF | I9: =IFERROR(VLOOKUP($D9,Sheet1!$B$2:$S$333,10,FALSE),"") -> CT-1-POST | J9: =IFERROR(VLOOKUP($D9,Sheet1!$B$2:$S$333,12,FALSE),"") -> CT-1-POST | K9: =IFERROR(VLOOKUP($D9,Sheet1!$B$2:$S$333,14,FALSE),"") -> CT-1-POST | L9: =IFERROR(VLOOKUP($D9,Sheet1!$B$2:$S$333,16,FALSE),"") -> CT-1-POST | M9: =IFERROR(VLOOKUP($D9,Sheet1!$B$2:$S$333,18,FALSE),"") -> CT-1-POST
B10: HE, DH, HT | C10: GRUBBS, TUJUANA | D10: 1028259 | E10: KEYSTONE -GAD | F10: =_xlfn.IFNA(VLOOKUP($D10,Sheet1!$B$2:$E$333,4,FALSE),"") -> 0 | G10: =IFERROR(VLOOKUP($D10,Sheet1!$B$2:$S$333,6,FALSE),"") -> DH-3 | H10: =IFERROR(VLOOKUP($D10,Sheet1!$B$2:$S$333,8,FALSE),"") -> DH-3 | I10: =IFERROR(VLOOKUP($D10,Sheet1!$B$2:$S$333,10,FALSE),"") -> DH-3 | J10: =IFERROR(VLOOKUP($D10,Sheet1!$B$2:$S$333,12,FALSE),"") -> DT-3 | K10: =IFERROR(VLOOKUP($D10,Sheet1!$B$2:$S$333,14,FALSE),"") -> OFF | L10: =IFERROR(VLOOKUP($D10,Sheet1!$B$2:$S$333,16,FALSE),"") -> OFF | M10: =IFERROR(VLOOKUP($D10,Sheet1!$B$2:$S$333,18,FALSE),"") -> DT-1
B11: MV, AL, HT (HG) | C11: REEVES, JULIAN | D11: 1030405 | E11: KEYSTONE -GAD | F11: =_xlfn.IFNA(VLOOKUP($D11,Sheet1!$B$2:$E$333,4,FALSE),"") -> 0 | G11: =IFERROR(VLOOKUP($D11,Sheet1!$B$2:$S$333,6,FALSE),"") -> OFF | H11: =IFERROR(VLOOKUP($D11,Sheet1!$B$2:$S$333,8,FALSE),"") -> OFF | I11: =IFERROR(VLOOKUP($D11,Sheet1!$B$2:$S$333,10,FALSE),"") -> AL-2 | J11: =IFERROR(VLOOKUP($D11,Sheet1!$B$2:$S$333,12,FALSE),"") -> DH-3 | K11: =IFERROR(VLOOKUP($D11,Sheet1!$B$2:$S$333,14,FALSE),"") -> S-SD | L11: =IFERROR(VLOOKUP($D11,Sheet1!$B$2:$S$333,16,FALSE),"") -> AVAILABLE | M11: =IFERROR(VLOOKUP($D11,Sheet1!$B$2:$S$333,18,FALSE),"") -> DH-3
B12: HG, DH, HE | C12: REYNOLDS, RO | D12: 1031687 | E12: KEYSTONE -GAD | F12: =_xlfn.IFNA(VLOOKUP($D12,Sheet1!$B$2:$E$333,4,FALSE),"") -> 0 | G12: =IFERROR(VLOOKUP($D12,Sheet1!$B$2:$S$333,6,FALSE),"") -> CT-1 | H12: =IFERROR(VLOOKUP($D12,Sheet1!$B$2:$S$333,8,FALSE),"") -> CT-1 | I12: =IFERROR(VLOOKUP($D12,Sheet1!$B$2:$S$333,10,FALSE),"") -> OFF | J12: =IFERROR(VLOOKUP($D12,Sheet1!$B$2:$S$333,12,FALSE),"") -> OFF | K12: =IFERROR(VLOOKUP($D12,Sheet1!$B$2:$S$333,14,FALSE),"") -> CT-3 | L12: =IFERROR(VLOOKUP($D12,Sheet1!$B$2:$S$333,16,FALSE),"") -> PE-3 | M12: =IFERROR(VLOOKUP($D12,Sheet1!$B$2:$S$333,18,FALSE),"") -> CE-3
C13: TEKLU, BETH | D13: 1031123 | E13: KEYSTONE -GAD | F13: =_xlfn.IFNA(VLOOKUP($D13,Sheet1!$B$2:$E$333,4,FALSE),"") -> 0 | G13: =IFERROR(VLOOKUP($D13,Sheet1!$B$2:$S$333,6,FALSE),"") -> PE-2 | H13: =IFERROR(VLOOKUP($D13,Sheet1!$B$2:$S$333,8,FALSE),"") -> PE-3 | I13: =IFERROR(VLOOKUP($D13,Sheet1!$B$2:$S$333,10,FALSE),"") -> PE-3 | J13: =IFERROR(VLOOKUP($D13,Sheet1!$B$2:$S$333,12,FALSE),"") -> AVAILABLE | K13: =IFERROR(VLOOKUP($D13,Sheet1!$B$2:$S$333,14,FALSE),"") -> OFF | L13: =IFERROR(VLOOKUP($D13,Sheet1!$B$2:$S$333,16,FALSE),"") -> OFF | M13: =IFERROR(VLOOKUP($D13,Sheet1!$B$2:$S$333,18,FALSE),"") -> AVAILABLE | U13: KEYSTONE -GAD
C14: TUCKER, JUSTIN | D14: 1000910 | E14: KEYSTONE -GAD | F14: =_xlfn.IFNA(VLOOKUP($D14,Sheet1!$B$2:$E$333,4,FALSE),"") -> 0 | G14: =IFERROR(VLOOKUP($D14,Sheet1!$B$2:$S$333,6,FALSE),"") -> RL-1-POST | H14: =IFERROR(VLOOKUP($D14,Sheet1!$B$2:$S$333,8,FALSE),"") -> HE-1 | I14: =IFERROR(VLOOKUP($D14,Sheet1!$B$2:$S$333,10,FALSE),"") -> OFF | J14: =IFERROR(VLOOKUP($D14,Sheet1!$B$2:$S$333,12,FALSE),"") -> OFF | K14: =IFERROR(VLOOKUP($D14,Sheet1!$B$2:$S$333,14,FALSE),"") -> AL-1 | L14: =IFERROR(VLOOKUP($D14,Sheet1!$B$2:$S$333,16,FALSE),"") -> AL-1 | M14: =IFERROR(VLOOKUP($D14,Sheet1!$B$2:$S$333,18,FALSE),"") -> RL-2-POST | U14: GREATLAKES - GAD
F15: =_xlfn.IFNA(VLOOKUP($D15,Sheet1!$B$2:$E$333,4,FALSE),"") | G15: =IFERROR(VLOOKUP($D15,Sheet1!$B$2:$S$333,6,FALSE),"") | H15: =IFERROR(VLOOKUP($D15,Sheet1!$B$2:$S$333,8,FALSE),"") | I15: =IFERROR(VLOOKUP($D15,Sheet1!$B$2:$S$333,10,FALSE),"") | J15: =IFERROR(VLOOKUP($D15,Sheet1!$B$2:$S$333,12,FALSE),"") | K15: =IFERROR(VLOOKUP($D15,Sheet1!$B$2:$S$333,14,FALSE),"") | L15: =IFERROR(VLOOKUP($D15,Sheet1!$B$2:$S$333,16,FALSE),"") | M15: =IFERROR(VLOOKUP($D15,Sheet1!$B$2:$S$333,18,FALSE),"") | U15: MIDWEST - GAD
F16: =_xlfn.IFNA(VLOOKUP($D16,Sheet1!$B$2:$E$333,4,FALSE),"") | G16: =IFERROR(VLOOKUP($D16,Sheet1!$B$2:$S$333,6,FALSE),"") | H16: =IFERROR(VLOOKUP($D16,Sheet1!$B$2:$S$333,8,FALSE),"") | I16: =IFERROR(VLOOKUP($D16,Sheet1!$B$2:$S$333,10,FALSE),"") | J16: =IFERROR(VLOOKUP($D16,Sheet1!$B$2:$S$333,12,FALSE),"") | K16: =IFERROR(VLOOKUP($D16,Sheet1!$B$2:$S$333,14,FALSE),"") | L16: =IFERROR(VLOOKUP($D16,Sheet1!$B$2:$S$333,16,FALSE),"") | M16: =IFERROR(VLOOKUP($D16,Sheet1!$B$2:$S$333,18,FALSE),"") | U16: GULF - GAD
F17: =_xlfn.IFNA(VLOOKUP($D17,Sheet1!$B$2:$E$333,4,FALSE),"") | G17: =IFERROR(VLOOKUP($D17,Sheet1!$B$2:$S$333,6,FALSE),"") | H17: =IFERROR(VLOOKUP($D17,Sheet1!$B$2:$S$333,8,FALSE),"") | I17: =IFERROR(VLOOKUP($D17,Sheet1!$B$2:$S$333,10,FALSE),"") | J17: =IFERROR(VLOOKUP($D17,Sheet1!$B$2:$S$333,12,FALSE),"") | K17: =IFERROR(VLOOKUP($D17,Sheet1!$B$2:$S$333,14,FALSE),"") | L17: =IFERROR(VLOOKUP($D17,Sheet1!$B$2:$S$333,16,FALSE),"") | M17: =IFERROR(VLOOKUP($D17,Sheet1!$B$2:$S$333,18,FALSE),"") | U17: BLUE RIDGE - GAD
F18: =_xlfn.IFNA(VLOOKUP($D18,Sheet1!$B$2:$E$333,4,FALSE),"") | G18: =IFERROR(VLOOKUP($D18,Sheet1!$B$2:$S$333,6,FALSE),"") | H18: =IFERROR(VLOOKUP($D18,Sheet1!$B$2:$S$333,8,FALSE),"") | I18: =IFERROR(VLOOKUP($D18,Sheet1!$B$2:$S$333,10,FALSE),"") | J18: =IFERROR(VLOOKUP($D18,Sheet1!$B$2:$S$333,12,FALSE),"") | K18: =IFERROR(VLOOKUP($D18,Sheet1!$B$2:$S$333,14,FALSE),"") | L18: =IFERROR(VLOOKUP($D18,Sheet1!$B$2:$S$333,16,FALSE),"") | M18: =IFERROR(VLOOKUP($D18,Sheet1!$B$2:$S$333,18,FALSE),"")
F19: =_xlfn.IFNA(VLOOKUP($D19,Sheet1!$B$2:$E$333,4,FALSE),"") | G19: =IFERROR(VLOOKUP($D19,Sheet1!$B$2:$S$333,6,FALSE),"") | H19: =IFERROR(VLOOKUP($D19,Sheet1!$B$2:$S$333,8,FALSE),"") | I19: =IFERROR(VLOOKUP($D19,Sheet1!$B$2:$S$333,10,FALSE),"") | J19: =IFERROR(VLOOKUP($D19,Sheet1!$B$2:$S$333,12,FALSE),"") | K19: =IFERROR(VLOOKUP($D19,Sheet1!$B$2:$S$333,14,FALSE),"") | L19: =IFERROR(VLOOKUP($D19,Sheet1!$B$2:$S$333,16,FALSE),"") | M19: =IFERROR(VLOOKUP($D19,Sheet1!$B$2:$S$333,18,FALSE),"")
F20: =_xlfn.IFNA(VLOOKUP($D20,Sheet1!$B$2:$E$333,4,FALSE),"") | G20: =IFERROR(VLOOKUP($D20,Sheet1!$B$2:$S$333,6,FALSE),"") | H20: =IFERROR(VLOOKUP($D20,Sheet1!$B$2:$S$333,8,FALSE),"") | I20: =IFERROR(VLOOKUP($D20,Sheet1!$B$2:$S$333,10,FALSE),"") | J20: =IFERROR(VLOOKUP($D20,Sheet1!$B$2:$S$333,12,FALSE),"") | K20: =IFERROR(VLOOKUP($D20,Sheet1!$B$2:$S$333,14,FALSE),"") | L20: =IFERROR(VLOOKUP($D20,Sheet1!$B$2:$S$333,16,FALSE),"") | M20: =IFERROR(VLOOKUP($D20,Sheet1!$B$2:$S$333,18,FALSE),"")
F21: =_xlfn.IFNA(VLOOKUP($D21,Sheet1!$B$2:$E$333,4,FALSE),"") | G21: =IFERROR(VLOOKUP($D21,Sheet1!$B$2:$S$333,6,FALSE),"") | H21: =IFERROR(VLOOKUP($D21,Sheet1!$B$2:$S$333,8,FALSE),"") | I21: =IFERROR(VLOOKUP($D21,Sheet1!$B$2:$S$333,10,FALSE),"") | J21: =IFERROR(VLOOKUP($D21,Sheet1!$B$2:$S$333,12,FALSE),"") | K21: =IFERROR(VLOOKUP($D21,Sheet1!$B$2:$S$333,14,FALSE),"") | L21: =IFERROR(VLOOKUP($D21,Sheet1!$B$2:$S$333,16,FALSE),"") | M21: =IFERROR(VLOOKUP($D21,Sheet1!$B$2:$S$333,18,FALSE),"")
F22: =_xlfn.IFNA(VLOOKUP($D22,Sheet1!$B$2:$E$333,4,FALSE),"") | G22: =IFERROR(VLOOKUP($D22,Sheet1!$B$2:$S$333,6,FALSE),"") | H22: =IFERROR(VLOOKUP($D22,Sheet1!$B$2:$S$333,8,FALSE),"") | I22: =IFERROR(VLOOKUP($D22,Sheet1!$B$2:$S$333,10,FALSE),"") | J22: =IFERROR(VLOOKUP($D22,Sheet1!$B$2:$S$333,12,FALSE),"") | K22: =IFERROR(VLOOKUP($D22,Sheet1!$B$2:$S$333,14,FALSE),"") | L22: =IFERROR(VLOOKUP($D22,Sheet1!$B$2:$S$333,16,FALSE),"") | M22: =IFERROR(VLOOKUP($D22,Sheet1!$B$2:$S$333,18,FALSE),"")
F23: =_xlfn.IFNA(VLOOKUP($D23,Sheet1!$B$2:$E$333,4,FALSE),"") | G23: =IFERROR(VLOOKUP($D23,Sheet1!$B$2:$S$333,6,FALSE),"") | H23: =IFERROR(VLOOKUP($D23,Sheet1!$B$2:$S$333,8,FALSE),"") | I23: =IFERROR(VLOOKUP($D23,Sheet1!$B$2:$S$333,10,FALSE),"") | J23: =IFERROR(VLOOKUP($D23,Sheet1!$B$2:$S$333,12,FALSE),"") | K23: =IFERROR(VLOOKUP($D23,Sheet1!$B$2:$S$333,14,FALSE),"") | L23: =IFERROR(VLOOKUP($D23,Sheet1!$B$2:$S$333,16,FALSE),"") | M23: =IFERROR(VLOOKUP($D23,Sheet1!$B$2:$S$333,18,FALSE),"")
F24: =_xlfn.IFNA(VLOOKUP($D24,Sheet1!$B$2:$E$333,4,FALSE),"") | G24: =IFERROR(VLOOKUP($D24,Sheet1!$B$2:$S$333,6,FALSE),"") | H24: =IFERROR(VLOOKUP($D24,Sheet1!$B$2:$S$333,8,FALSE),"") | I24: =IFERROR(VLOOKUP($D24,Sheet1!$B$2:$S$333,10,FALSE),"") | J24: =IFERROR(VLOOKUP($D24,Sheet1!$B$2:$S$333,12,FALSE),"") | K24: =IFERROR(VLOOKUP($D24,Sheet1!$B$2:$S$333,14,FALSE),"") | L24: =IFERROR(VLOOKUP($D24,Sheet1!$B$2:$S$333,16,FALSE),"") | M24: =IFERROR(VLOOKUP($D24,Sheet1!$B$2:$S$333,18,FALSE),"")
F25: =_xlfn.IFNA(VLOOKUP($D25,Sheet1!$B$2:$E$333,4,FALSE),"") | G25: =IFERROR(VLOOKUP($D25,Sheet1!$B$2:$S$333,6,FALSE),"") | H25: =IFERROR(VLOOKUP($D25,Sheet1!$B$2:$S$333,8,FALSE),"") | I25: =IFERROR(VLOOKUP($D25,Sheet1!$B$2:$S$333,10,FALSE),"") | J25: =IFERROR(VLOOKUP($D25,Sheet1!$B$2:$S$333,12,FALSE),"") | K25: =IFERROR(VLOOKUP($D25,Sheet1!$B$2:$S$333,14,FALSE),"") | L25: =IFERROR(VLOOKUP($D25,Sheet1!$B$2:$S$333,16,FALSE),"") | M25: =IFERROR(VLOOKUP($D25,Sheet1!$B$2:$S$333,18,FALSE),"") | U25: COASTAL - GAD
F26: =_xlfn.IFNA(VLOOKUP($D26,Sheet1!$B$2:$E$333,4,FALSE),"") | G26: =IFERROR(VLOOKUP($D26,Sheet1!$B$2:$S$333,6,FALSE),"") | H26: =IFERROR(VLOOKUP($D26,Sheet1!$B$2:$S$333,8,FALSE),"") | I26: =IFERROR(VLOOKUP($D26,Sheet1!$B$2:$S$333,10,FALSE),"") | J26: =IFERROR(VLOOKUP($D26,Sheet1!$B$2:$S$333,12,FALSE),"") | K26: =IFERROR(VLOOKUP($D26,Sheet1!$B$2:$S$333,14,FALSE),"") | L26: =IFERROR(VLOOKUP($D26,Sheet1!$B$2:$S$333,16,FALSE),"") | M26: =IFERROR(VLOOKUP($D26,Sheet1!$B$2:$S$333,18,FALSE),"") | U26: relief acd's
F27: =_xlfn.IFNA(VLOOKUP($D27,Sheet1!$B$2:$E$333,4,FALSE),"") | G27: =IFERROR(VLOOKUP($D27,Sheet1!$B$2:$S$333,6,FALSE),"") | H27: =IFERROR(VLOOKUP($D27,Sheet1!$B$2:$S$333,8,FALSE),"") | I27: =IFERROR(VLOOKUP($D27,Sheet1!$B$2:$S$333,10,FALSE),"") | J27: =IFERROR(VLOOKUP($D27,Sheet1!$B$2:$S$333,12,FALSE),"") | K27: =IFERROR(VLOOKUP($D27,Sheet1!$B$2:$S$333,14,FALSE),"") | L27: =IFERROR(VLOOKUP($D27,Sheet1!$B$2:$S$333,16,FALSE),"") | M27: =IFERROR(VLOOKUP($D27,Sheet1!$B$2:$S$333,18,FALSE),"")
C28: GREATLAKES
B29: DE, QC, MT | C29: {=_xlfn._xlws.FILTER(Sheet1!$A$2:$C$333,Sheet1!$C$2:$C$333='GAD DISPATCHER SCHEDULE'!$U$14)} -> BONNER, DEVIAN | D29: 1030404 | E29: GREATLAKES - GAD | F29: =_xlfn.IFNA(VLOOKUP($D29,Sheet1!$B$2:$E$333,4,FALSE),"") -> 0 | G29: =IFERROR(VLOOKUP($D29,Sheet1!$B$2:$S$333,6,FALSE),"") -> SA-1 | H29: =IFERROR(VLOOKUP($D29,Sheet1!$B$2:$S$333,8,FALSE),"") -> SA-2 | I29: =IFERROR(VLOOKUP($D29,Sheet1!$B$2:$S$333,10,FALSE),"") -> SA-2 | J29: =IFERROR(VLOOKUP($D29,Sheet1!$B$2:$S$333,12,FALSE),"") -> SA-3 | K29: =IFERROR(VLOOKUP($D29,Sheet1!$B$2:$S$333,14,FALSE),"") -> OFF | L29: =IFERROR(VLOOKUP($D29,Sheet1!$B$2:$S$333,16,FALSE),"") -> OFF | M29: =IFERROR(VLOOKUP($D29,Sheet1!$B$2:$S$333,18,FALSE),"") -> MT-3
B30: SA, MT, DE | C30: HESSELTINE, BRAEDEN | D30: 1024137 | E30: GREATLAKES - GAD | F30: =_xlfn.IFNA(VLOOKUP($D30,Sheet1!$B$2:$E$333,4,FALSE),"") -> 0 | G30: =IFERROR(VLOOKUP($D30,Sheet1!$B$2:$S$333,6,FALSE),"") -> LF-2 | H30: =IFERROR(VLOOKUP($D30,Sheet1!$B$2:$S$333,8,FALSE),"") -> LF-2 | I30: =IFERROR(VLOOKUP($D30,Sheet1!$B$2:$S$333,10,FALSE),"") -> CG-3 | J30: =IFERROR(VLOOKUP($D30,Sheet1!$B$2:$S$333,12,FALSE),"") -> AVAILABLE | K30: =IFERROR(VLOOKUP($D30,Sheet1!$B$2:$S$333,14,FALSE),"") -> OFF | L30: =IFERROR(VLOOKUP($D30,Sheet1!$B$2:$S$333,16,FALSE),"") -> OFF | M30: =IFERROR(VLOOKUP($D30,Sheet1!$B$2:$S$333,18,FALSE),"") -> LF-3
B31: DE, MT, CG, SA | C31: JOHNSON, EMILY | D31: 1014067 | E31: GREATLAKES - GAD | F31: =_xlfn.IFNA(VLOOKUP($D31,Sheet1!$B$2:$E$333,4,FALSE),"") -> 0 | G31: =IFERROR(VLOOKUP($D31,Sheet1!$B$2:$S$333,6,FALSE),"") -> TT-3 | H31: =IFERROR(VLOOKUP($D31,Sheet1!$B$2:$S$333,8,FALSE),"") -> TT-3 | I31: =IFERROR(VLOOKUP($D31,Sheet1!$B$2:$S$333,10,FALSE),"") -> OFF | J31: =IFERROR(VLOOKUP($D31,Sheet1!$B$2:$S$333,12,FALSE),"") -> OFF | K31: =IFERROR(VLOOKUP($D31,Sheet1!$B$2:$S$333,14,FALSE),"") -> EL-3 | L31: =IFERROR(VLOOKUP($D31,Sheet1!$B$2:$S$333,16,FALSE),"") -> S-SD | M31: =IFERROR(VLOOKUP($D31,Sheet1!$B$2:$S$333,18,FALSE),"") -> EL-3
B32: DT, EL, CD, CG DE | C32: MCGOLDRICK, MATT | D32: 1031115 | E32: GREATLAKES - GAD | F32: =_xlfn.IFNA(VLOOKUP($D32,Sheet1!$B$2:$E$333,4,FALSE),"") -> 0 | G32: =IFERROR(VLOOKUP($D32,Sheet1!$B$2:$S$333,6,FALSE),"") -> OFF | H32: =IFERROR(VLOOKUP($D32,Sheet1!$B$2:$S$333,8,FALSE),"") -> OFF | I32: =IFERROR(VLOOKUP($D32,Sheet1!$B$2:$S$333,10,FALSE),"") -> CD-2 | J32: =IFERROR(VLOOKUP($D32,Sheet1!$B$2:$S$333,12,FALSE),"") -> CD-3 | K32: =IFERROR(VLOOKUP($D32,Sheet1!$B$2:$S$333,14,FALSE),"") -> CD-3 | L32: =IFERROR(VLOOKUP($D32,Sheet1!$B$2:$S$333,16,FALSE),"") -> AVAILABLE | M32: =IFERROR(VLOOKUP($D32,Sheet1!$B$2:$S$333,18,FALSE),"") -> CD-1
B33: DT, CD, EL, | C33: MCINTYRE, SHAE | D33: 1028383 | E33: GREATLAKES - GAD | F33: =_xlfn.IFNA(VLOOKUP($D33,Sheet1!$B$2:$E$333,4,FALSE),"") -> 0 | G33: =IFERROR(VLOOKUP($D33,Sheet1!$B$2:$S$333,6,FALSE),"") -> FMLA | H33: =IFERROR(VLOOKUP($D33,Sheet1!$B$2:$S$333,8,FALSE),"") -> FMLA | I33: =IFERROR(VLOOKUP($D33,Sheet1!$B$2:$S$333,10,FALSE),"") -> FMLA | J33: =IFERROR(VLOOKUP($D33,Sheet1!$B$2:$S$333,12,FALSE),"") -> FMLA | K33: =IFERROR(VLOOKUP($D33,Sheet1!$B$2:$S$333,14,FALSE),"") -> FMLA | L33: =IFERROR(VLOOKUP($D33,Sheet1!$B$2:$S$333,16,FALSE),"") -> FMLA | M33: =IFERROR(VLOOKUP($D33,Sheet1!$B$2:$S$333,18,FALSE),"") -> FMLA
B34: PR, TE, DT, CG | C34: MIMS, CHRISTOPHER | D34: 1030366 | E34: GREATLAKES - GAD | F34: =_xlfn.IFNA(VLOOKUP($D34,Sheet1!$B$2:$E$333,4,FALSE),"") -> 0 | G34: =IFERROR(VLOOKUP($D34,Sheet1!$B$2:$S$333,6,FALSE),"") -> RL-3 | H34: =IFERROR(VLOOKUP($D34,Sheet1!$B$2:$S$333,8,FALSE),"") -> RL-3 | I34: =IFERROR(VLOOKUP($D34,Sheet1!$B$2:$S$333,10,FALSE),"") -> OFF | J34: =IFERROR(VLOOKUP($D34,Sheet1!$B$2:$S$333,12,FALSE),"") -> OFF | K34: =IFERROR(VLOOKUP($D34,Sheet1!$B$2:$S$333,14,FALSE),"") -> AVAILABLE | L34: =IFERROR(VLOOKUP($D34,Sheet1!$B$2:$S$333,16,FALSE),"") -> AVAILABLE | M34: =IFERROR(VLOOKUP($D34,Sheet1!$B$2:$S$333,18,FALSE),"") -> MT-2
C35: SLANEY, MATTHEW | D35: 1026431 | E35: GREATLAKES - GAD | F35: =_xlfn.IFNA(VLOOKUP($D35,Sheet1!$B$2:$E$333,4,FALSE),"") -> 0 | G35: =IFERROR(VLOOKUP($D35,Sheet1!$B$2:$S$333,6,FALSE),"") -> OFF | H35: =IFERROR(VLOOKUP($D35,Sheet1!$B$2:$S$333,8,FALSE),"") -> OFF | I35: =IFERROR(VLOOKUP($D35,Sheet1!$B$2:$S$333,10,FALSE),"") -> HE-1 | J35: =IFERROR(VLOOKUP($D35,Sheet1!$B$2:$S$333,12,FALSE),"") -> MV-1 | K35: =IFERROR(VLOOKUP($D35,Sheet1!$B$2:$S$333,14,FALSE),"") -> HE-3 | L35: =IFERROR(VLOOKUP($D35,Sheet1!$B$2:$S$333,16,FALSE),"") -> EL-3 | M35: =IFERROR(VLOOKUP($D35,Sheet1!$B$2:$S$333,18,FALSE),"") -> AVAILABLE
C36: TAYLOR, JASMINE | D36: 1026382 | E36: GREATLAKES - GAD | F36: =_xlfn.IFNA(VLOOKUP($D36,Sheet1!$B$2:$E$333,4,FALSE),"") -> 0 | G36: =IFERROR(VLOOKUP($D36,Sheet1!$B$2:$S$333,6,FALSE),"") -> OFF | H36: =IFERROR(VLOOKUP($D36,Sheet1!$B$2:$S$333,8,FALSE),"") -> KN-2 | I36: =IFERROR(VLOOKUP($D36,Sheet1!$B$2:$S$333,10,FALSE),"") -> SA-3 | J36: =IFERROR(VLOOKUP($D36,Sheet1!$B$2:$S$333,12,FALSE),"") -> KN-3 | K36: =IFERROR(VLOOKUP($D36,Sheet1!$B$2:$S$333,14,FALSE),"") -> SA-3 | L36: =IFERROR(VLOOKUP($D36,Sheet1!$B$2:$S$333,16,FALSE),"") -> AVAILABLE | M36: =IFERROR(VLOOKUP($D36,Sheet1!$B$2:$S$333,18,FALSE),"") -> SA-1
C37: WAGUESPACK, SAMMY | D37: 1025503 | E37: GREATLAKES - GAD | F37: =_xlfn.IFNA(VLOOKUP($D37,Sheet1!$B$2:$E$333,4,FALSE),"") -> 0 | G37: =IFERROR(VLOOKUP($D37,Sheet1!$B$2:$S$333,6,FALSE),"") -> CG-1 | H37: =IFERROR(VLOOKUP($D37,Sheet1!$B$2:$S$333,8,FALSE),"") -> SO-2 | I37: =IFERROR(VLOOKUP($D37,Sheet1!$B$2:$S$333,10,FALSE),"") -> TT-3 | J37: =IFERROR(VLOOKUP($D37,Sheet1!$B$2:$S$333,12,FALSE),"") -> TT-3 | K37: =IFERROR(VLOOKUP($D37,Sheet1!$B$2:$S$333,14,FALSE),"") -> OFF | L37: =IFERROR(VLOOKUP($D37,Sheet1!$B$2:$S$333,16,FALSE),"") -> OFF | M37: =IFERROR(VLOOKUP($D37,Sheet1!$B$2:$S$333,18,FALSE),"") -> MT-1-POST
F38: =_xlfn.IFNA(VLOOKUP($D38,Sheet1!$B$2:$E$333,4,FALSE),"") | G38: =IFERROR(VLOOKUP($D38,Sheet1!$B$2:$S$333,6,FALSE),"") | H38: =IFERROR(VLOOKUP($D38,Sheet1!$B$2:$S$333,8,FALSE),"") | I38: =IFERROR(VLOOKUP($D38,Sheet1!$B$2:$S$333,10,FALSE),"") | J38: =IFERROR(VLOOKUP($D38,Sheet1!$B$2:$S$333,12,FALSE),"") | K38: =IFERROR(VLOOKUP($D38,Sheet1!$B$2:$S$333,14,FALSE),"") | L38: =IFERROR(VLOOKUP($D38,Sheet1!$B$2:$S$333,16,FALSE),"") | M38: =IFERROR(VLOOKUP($D38,Sheet1!$B$2:$S$333,18,FALSE),"")
F39: =_xlfn.IFNA(VLOOKUP($D39,Sheet1!$B$2:$E$333,4,FALSE),"") | G39: =IFERROR(VLOOKUP($D39,Sheet1!$B$2:$S$333,6,FALSE),"") | H39: =IFERROR(VLOOKUP($D39,Sheet1!$B$2:$S$333,8,FALSE),"") | I39: =IFERROR(VLOOKUP($D39,Sheet1!$B$2:$S$333,10,FALSE),"") | J39: =IFERROR(VLOOKUP($D39,Sheet1!$B$2:$S$333,12,FALSE),"") | K39: =IFERROR(VLOOKUP($D39,Sheet1!$B$2:$S$333,14,FALSE),"") | L39: =IFERROR(VLOOKUP($D39,Sheet1!$B$2:$S$333,16,FALSE),"") | M39: =IFERROR(VLOOKUP($D39,Sheet1!$B$2:$S$333,18,FALSE),"")
F40: =_xlfn.IFNA(VLOOKUP($D40,Sheet1!$B$2:$E$333,4,FALSE),"") | G40: =IFERROR(VLOOKUP($D40,Sheet1!$B$2:$S$333,6,FALSE),"") | H40: =IFERROR(VLOOKUP($D40,Sheet1!$B$2:$S$333,8,FALSE),"") | I40: =IFERROR(VLOOKUP($D40,Sheet1!$B$2:$S$333,10,FALSE),"") | J40: =IFERROR(VLOOKUP($D40,Sheet1!$B$2:$S$333,12,FALSE),"") | K40: =IFERROR(VLOOKUP($D40,Sheet1!$B$2:$S$333,14,FALSE),"") | L40: =IFERROR(VLOOKUP($D40,Sheet1!$B$2:$S$333,16,FALSE),"") | M40: =IFERROR(VLOOKUP($D40,Sheet1!$B$2:$S$333,18,FALSE),"")
F41: =_xlfn.IFNA(VLOOKUP($D41,Sheet1!$B$2:$E$333,4,FALSE),"") | G41: =IFERROR(VLOOKUP($D41,Sheet1!$B$2:$S$333,6,FALSE),"") | H41: =IFERROR(VLOOKUP($D41,Sheet1!$B$2:$S$333,8,FALSE),"") | I41: =IFERROR(VLOOKUP($D41,Sheet1!$B$2:$S$333,10,FALSE),"") | J41: =IFERROR(VLOOKUP($D41,Sheet1!$B$2:$S$333,12,FALSE),"") | K41: =IFERROR(VLOOKUP($D41,Sheet1!$B$2:$S$333,14,FALSE),"") | L41: =IFERROR(VLOOKUP($D41,Sheet1!$B$2:$S$333,16,FALSE),"") | M41: =IFERROR(VLOOKUP($D41,Sheet1!$B$2:$S$333,18,FALSE),"")
F42: =_xlfn.IFNA(VLOOKUP($D42,Sheet1!$B$2:$E$333,4,FALSE),"") | G42: =IFERROR(VLOOKUP($D42,Sheet1!$B$2:$S$333,6,FALSE),"") | H42: =IFERROR(VLOOKUP($D42,Sheet1!$B$2:$S$333,8,FALSE),"") | I42: =IFERROR(VLOOKUP($D42,Sheet1!$B$2:$S$333,10,FALSE),"") | J42: =IFERROR(VLOOKUP($D42,Sheet1!$B$2:$S$333,12,FALSE),"") | K42: =IFERROR(VLOOKUP($D42,Sheet1!$B$2:$S$333,14,FALSE),"") | L42: =IFERROR(VLOOKUP($D42,Sheet1!$B$2:$S$333,16,FALSE),"") | M42: =IFERROR(VLOOKUP($D42,Sheet1!$B$2:$S$333,18,FALSE),"")
F43: =_xlfn.IFNA(VLOOKUP($D43,Sheet1!$B$2:$E$333,4,FALSE),"") | G43: =IFERROR(VLOOKUP($D43,Sheet1!$B$2:$S$333,6,FALSE),"") | H43: =IFERROR(VLOOKUP($D43,Sheet1!$B$2:$S$333,8,FALSE),"") | I43: =IFERROR(VLOOKUP($D43,Sheet1!$B$2:$S$333,10,FALSE),"") | J43: =IFERROR(VLOOKUP($D43,Sheet1!$B$2:$S$333,12,FALSE),"") | K43: =IFERROR(VLOOKUP($D43,Sheet1!$B$2:$S$333,14,FALSE),"") | L43: =IFERROR(VLOOKUP($D43,Sheet1!$B$2:$S$333,16,FALSE),"") | M43: =IFERROR(VLOOKUP($D43,Sheet1!$B$2:$S$333,18,FALSE),"")
F44: =_xlfn.IFNA(VLOOKUP($D44,Sheet1!$B$2:$E$333,4,FALSE),"") | G44: =IFERROR(VLOOKUP($D44,Sheet1!$B$2:$S$333,6,FALSE),"") | H44: =IFERROR(VLOOKUP($D44,Sheet1!$B$2:$S$333,8,FALSE),"") | I44: =IFERROR(VLOOKUP($D44,Sheet1!$B$2:$S$333,10,FALSE),"") | J44: =IFERROR(VLOOKUP($D44,Sheet1!$B$2:$S$333,12,FALSE),"") | K44: =IFERROR(VLOOKUP($D44,Sheet1!$B$2:$S$333,14,FALSE),"") | L44: =IFERROR(VLOOKUP($D44,Sheet1!$B$2:$S$333,16,FALSE),"") | M44: =IFERROR(VLOOKUP($D44,Sheet1!$B$2:$S$333,18,FALSE),"")
F45: =_xlfn.IFNA(VLOOKUP($D45,Sheet1!$B$2:$E$333,4,FALSE),"") | G45: =IFERROR(VLOOKUP($D45,Sheet1!$B$2:$S$333,6,FALSE),"") | H45: =IFERROR(VLOOKUP($D45,Sheet1!$B$2:$S$333,8,FALSE),"") | I45: =IFERROR(VLOOKUP($D45,Sheet1!$B$2:$S$333,10,FALSE),"") | J45: =IFERROR(VLOOKUP($D45,Sheet1!$B$2:$S$333,12,FALSE),"") | K45: =IFERROR(VLOOKUP($D45,Sheet1!$B$2:$S$333,14,FALSE),"") | L45: =IFERROR(VLOOKUP($D45,Sheet1!$B$2:$S$333,16,FALSE),"") | M45: =IFERROR(VLOOKUP($D45,Sheet1!$B$2:$S$333,18,FALSE),"")
F46: =_xlfn.IFNA(VLOOKUP($D46,Sheet1!$B$2:$E$333,4,FALSE),"") | G46: =IFERROR(VLOOKUP($D46,Sheet1!$B$2:$S$333,6,FALSE),"") | H46: =IFERROR(VLOOKUP($D46,Sheet1!$B$2:$S$333,8,FALSE),"") | I46: =IFERROR(VLOOKUP($D46,Sheet1!$B$2:$S$333,10,FALSE),"") | J46: =IFERROR(VLOOKUP($D46,Sheet1!$B$2:$S$333,12,FALSE),"") | K46: =IFERROR(VLOOKUP($D46,Sheet1!$B$2:$S$333,14,FALSE),"") | L46: =IFERROR(VLOOKUP($D46,Sheet1!$B$2:$S$333,16,FALSE),"") | M46: =IFERROR(VLOOKUP($D46,Sheet1!$B$2:$S$333,18,FALSE),"")
F47: =_xlfn.IFNA(VLOOKUP($D47,Sheet1!$B$2:$E$333,4,FALSE),"") | G47: =IFERROR(VLOOKUP($D47,Sheet1!$B$2:$S$333,6,FALSE),"") | H47: =IFERROR(VLOOKUP($D47,Sheet1!$B$2:$S$333,8,FALSE),"") | I47: =IFERROR(VLOOKUP($D47,Sheet1!$B$2:$S$333,10,FALSE),"") | J47: =IFERROR(VLOOKUP($D47,Sheet1!$B$2:$S$333,12,FALSE),"") | K47: =IFERROR(VLOOKUP($D47,Sheet1!$B$2:$S$333,14,FALSE),"") | L47: =IFERROR(VLOOKUP($D47,Sheet1!$B$2:$S$333,16,FALSE),"") | M47: =IFERROR(VLOOKUP($D47,Sheet1!$B$2:$S$333,18,FALSE),"")
F48: =_xlfn.IFNA(VLOOKUP($D48,Sheet1!$B$2:$E$333,4,FALSE),"") | G48: =IFERROR(VLOOKUP($D48,Sheet1!$B$2:$S$333,6,FALSE),"") | H48: =IFERROR(VLOOKUP($D48,Sheet1!$B$2:$S$333,8,FALSE),"") | I48: =IFERROR(VLOOKUP($D48,Sheet1!$B$2:$S$333,10,FALSE),"") | J48: =IFERROR(VLOOKUP($D48,Sheet1!$B$2:$S$333,12,FALSE),"") | K48: =IFERROR(VLOOKUP($D48,Sheet1!$B$2:$S$333,14,FALSE),"") | L48: =IFERROR(VLOOKUP($D48,Sheet1!$B$2:$S$333,16,FALSE),"") | M48: =IFERROR(VLOOKUP($D48,Sheet1!$B$2:$S$333,18,FALSE),"")
F49: =_xlfn.IFNA(VLOOKUP($D49,Sheet1!$B$2:$E$333,4,FALSE),"") | G49: =IFERROR(VLOOKUP($D49,Sheet1!$B$2:$S$333,6,FALSE),"") | H49: =IFERROR(VLOOKUP($D49,Sheet1!$B$2:$S$333,8,FALSE),"") | I49: =IFERROR(VLOOKUP($D49,Sheet1!$B$2:$S$333,10,FALSE),"") | J49: =IFERROR(VLOOKUP($D49,Sheet1!$B$2:$S$333,12,FALSE),"") | K49: =IFERROR(VLOOKUP($D49,Sheet1!$B$2:$S$333,14,FALSE),"") | L49: =IFERROR(VLOOKUP($D49,Sheet1!$B$2:$S$333,16,FALSE),"") | M49: =IFERROR(VLOOKUP($D49,Sheet1!$B$2:$S$333,18,FALSE),"")
C50: MIDWEST
B51: SW, SP, SO, LF | C51: {=_xlfn._xlws.FILTER(Sheet1!$A$2:$C$333,Sheet1!$C$2:$C$333='GAD DISPATCHER SCHEDULE'!$U$15)} -> BREITKREUZ, DUSTIN | D51: 1023892 | E51: MIDWEST - GAD | F51: =_xlfn.IFNA(VLOOKUP($D51,Sheet1!$B$2:$E$333,4,FALSE),"") -> 0 | G51: =IFERROR(VLOOKUP($D51,Sheet1!$B$2:$S$333,6,FALSE),"") -> QC-2 | H51: =IFERROR(VLOOKUP($D51,Sheet1!$B$2:$S$333,8,FALSE),"") -> QC-2 | I51: =IFERROR(VLOOKUP($D51,Sheet1!$B$2:$S$333,10,FALSE),"") -> AVAILABLE | J51: =IFERROR(VLOOKUP($D51,Sheet1!$B$2:$S$333,12,FALSE),"") -> KY-2 | K51: =IFERROR(VLOOKUP($D51,Sheet1!$B$2:$S$333,14,FALSE),"") -> OFF | L51: =IFERROR(VLOOKUP($D51,Sheet1!$B$2:$S$333,16,FALSE),"") -> OFF | M51: =IFERROR(VLOOKUP($D51,Sheet1!$B$2:$S$333,18,FALSE),"") -> QC-2
B52: QC, CG, SA | C52: DIPRIMA, JASON | D52: 1027201 | E52: MIDWEST - GAD | F52: =_xlfn.IFNA(VLOOKUP($D52,Sheet1!$B$2:$E$333,4,FALSE),"") -> 0 | G52: =IFERROR(VLOOKUP($D52,Sheet1!$B$2:$S$333,6,FALSE),"") -> OFF | H52: =IFERROR(VLOOKUP($D52,Sheet1!$B$2:$S$333,8,FALSE),"") -> OFF | I52: =IFERROR(VLOOKUP($D52,Sheet1!$B$2:$S$333,10,FALSE),"") -> LF-3 | J52: =IFERROR(VLOOKUP($D52,Sheet1!$B$2:$S$333,12,FALSE),"") -> LF-3 | K52: =IFERROR(VLOOKUP($D52,Sheet1!$B$2:$S$333,14,FALSE),"") -> SW-3-POST | L52: =IFERROR(VLOOKUP($D52,Sheet1!$B$2:$S$333,16,FALSE),"") -> QC-3 | M52: =IFERROR(VLOOKUP($D52,Sheet1!$B$2:$S$333,18,FALSE),"") -> SW-3-POST
B53: LF, SP, KY QC | C53: FALLINGS-AMIS, JAMISON | D53: 1028876 | E53: MIDWEST - GAD | F53: =_xlfn.IFNA(VLOOKUP($D53,Sheet1!$B$2:$E$333,4,FALSE),"") -> 0 | G53: =IFERROR(VLOOKUP($D53,Sheet1!$B$2:$S$333,6,FALSE),"") -> OFF | H53: =IFERROR(VLOOKUP($D53,Sheet1!$B$2:$S$333,8,FALSE),"") -> OFF | I53: =IFERROR(VLOOKUP($D53,Sheet1!$B$2:$S$333,10,FALSE),"") -> AVAILABLE | J53: =IFERROR(VLOOKUP($D53,Sheet1!$B$2:$S$333,12,FALSE),"") -> AVAILABLE | K53: =IFERROR(VLOOKUP($D53,Sheet1!$B$2:$S$333,14,FALSE),"") -> QC-1 | L53: =IFERROR(VLOOKUP($D53,Sheet1!$B$2:$S$333,16,FALSE),"") -> SP-1 | M53: =IFERROR(VLOOKUP($D53,Sheet1!$B$2:$S$333,18,FALSE),"") -> QC-3
B54: SW, SO, KC, KY | C54: GARRETT, DARREN | D54: 1031679 | E54: MIDWEST - GAD | F54: =_xlfn.IFNA(VLOOKUP($D54,Sheet1!$B$2:$E$333,4,FALSE),"") -> 0 | G54: =IFERROR(VLOOKUP($D54,Sheet1!$B$2:$S$333,6,FALSE),"") -> AVAILABLE | H54: =IFERROR(VLOOKUP($D54,Sheet1!$B$2:$S$333,8,FALSE),"") -> KC-1 | I54: =IFERROR(VLOOKUP($D54,Sheet1!$B$2:$S$333,10,FALSE),"") -> KC-1 | J54: =IFERROR(VLOOKUP($D54,Sheet1!$B$2:$S$333,12,FALSE),"") -> SO-2 | K54: =IFERROR(VLOOKUP($D54,Sheet1!$B$2:$S$333,14,FALSE),"") -> OFF | L54: =IFERROR(VLOOKUP($D54,Sheet1!$B$2:$S$333,16,FALSE),"") -> OFF | M54: =IFERROR(VLOOKUP($D54,Sheet1!$B$2:$S$333,18,FALSE),"") -> SO-2
C55: WASHINGTON, JOHN | D55: 1031683 | E55: MIDWEST - GAD | F55: =_xlfn.IFNA(VLOOKUP($D55,Sheet1!$B$2:$E$333,4,FALSE),"") -> 0 | G55: =IFERROR(VLOOKUP($D55,Sheet1!$B$2:$S$333,6,FALSE),"") -> SP-3 | H55: =IFERROR(VLOOKUP($D55,Sheet1!$B$2:$S$333,8,FALSE),"") -> AVAILABLE | I55: =IFERROR(VLOOKUP($D55,Sheet1!$B$2:$S$333,10,FALSE),"") -> SW-1 | J55: =IFERROR(VLOOKUP($D55,Sheet1!$B$2:$S$333,12,FALSE),"") -> AVAILABLE | K55: =IFERROR(VLOOKUP($D55,Sheet1!$B$2:$S$333,14,FALSE),"") -> SO-2 | L55: =IFERROR(VLOOKUP($D55,Sheet1!$B$2:$S$333,16,FALSE),"") -> SO-2 | M55: =IFERROR(VLOOKUP($D55,Sheet1!$B$2:$S$333,18,FALSE),"") -> AVAILABLE
F56: =_xlfn.IFNA(VLOOKUP($D56,Sheet1!$B$2:$E$333,4,FALSE),"") | G56: =IFERROR(VLOOKUP($D56,Sheet1!$B$2:$S$333,6,FALSE),"") | H56: =IFERROR(VLOOKUP($D56,Sheet1!$B$2:$S$333,8,FALSE),"") | I56: =IFERROR(VLOOKUP($D56,Sheet1!$B$2:$S$333,10,FALSE),"") | J56: =IFERROR(VLOOKUP($D56,Sheet1!$B$2:$S$333,12,FALSE),"") | K56: =IFERROR(VLOOKUP($D56,Sheet1!$B$2:$S$333,14,FALSE),"") | L56: =IFERROR(VLOOKUP($D56,Sheet1!$B$2:$S$333,16,FALSE),"") | M56: =IFERROR(VLOOKUP($D56,Sheet1!$B$2:$S$333,18,FALSE),"")
F57: =_xlfn.IFNA(VLOOKUP($D57,Sheet1!$B$2:$E$333,4,FALSE),"") | G57: =IFERROR(VLOOKUP($D57,Sheet1!$B$2:$S$333,6,FALSE),"") | H57: =IFERROR(VLOOKUP($D57,Sheet1!$B$2:$S$333,8,FALSE),"") | I57: =IFERROR(VLOOKUP($D57,Sheet1!$B$2:$S$333,10,FALSE),"") | J57: =IFERROR(VLOOKUP($D57,Sheet1!$B$2:$S$333,12,FALSE),"") | K57: =IFERROR(VLOOKUP($D57,Sheet1!$B$2:$S$333,14,FALSE),"") | L57: =IFERROR(VLOOKUP($D57,Sheet1!$B$2:$S$333,16,FALSE),"") | M57: =IFERROR(VLOOKUP($D57,Sheet1!$B$2:$S$333,18,FALSE),"")
F58: =_xlfn.IFNA(VLOOKUP($D58,Sheet1!$B$2:$E$333,4,FALSE),"") | G58: =IFERROR(VLOOKUP($D58,Sheet1!$B$2:$S$333,6,FALSE),"") | H58: =IFERROR(VLOOKUP($D58,Sheet1!$B$2:$S$333,8,FALSE),"") | I58: =IFERROR(VLOOKUP($D58,Sheet1!$B$2:$S$333,10,FALSE),"") | J58: =IFERROR(VLOOKUP($D58,Sheet1!$B$2:$S$333,12,FALSE),"") | K58: =IFERROR(VLOOKUP($D58,Sheet1!$B$2:$S$333,14,FALSE),"") | L58: =IFERROR(VLOOKUP($D58,Sheet1!$B$2:$S$333,16,FALSE),"") | M58: =IFERROR(VLOOKUP($D58,Sheet1!$B$2:$S$333,18,FALSE),"")
F59: =_xlfn.IFNA(VLOOKUP($D59,Sheet1!$B$2:$E$333,4,FALSE),"") | G59: =IFERROR(VLOOKUP($D59,Sheet1!$B$2:$S$333,6,FALSE),"") | H59: =IFERROR(VLOOKUP($D59,Sheet1!$B$2:$S$333,8,FALSE),"") | I59: =IFERROR(VLOOKUP($D59,Sheet1!$B$2:$S$333,10,FALSE),"") | J59: =IFERROR(VLOOKUP($D59,Sheet1!$B$2:$S$333,12,FALSE),"") | K59: =IFERROR(VLOOKUP($D59,Sheet1!$B$2:$S$333,14,FALSE),"") | L59: =IFERROR(VLOOKUP($D59,Sheet1!$B$2:$S$333,16,FALSE),"") | M59: =IFERROR(VLOOKUP($D59,Sheet1!$B$2:$S$333,18,FALSE),"")
F60: =_xlfn.IFNA(VLOOKUP($D60,Sheet1!$B$2:$E$333,4,FALSE),"") | G60: =IFERROR(VLOOKUP($D60,Sheet1!$B$2:$S$333,6,FALSE),"") | H60: =IFERROR(VLOOKUP($D60,Sheet1!$B$2:$S$333,8,FALSE),"") | I60: =IFERROR(VLOOKUP($D60,Sheet1!$B$2:$S$333,10,FALSE),"") | J60: =IFERROR(VLOOKUP($D60,Sheet1!$B$2:$S$333,12,FALSE),"") | K60: =IFERROR(VLOOKUP($D60,Sheet1!$B$2:$S$333,14,FALSE),"") | L60: =IFERROR(VLOOKUP($D60,Sheet1!$B$2:$S$333,16,FALSE),"") | M60: =IFERROR(VLOOKUP($D60,Sheet1!$B$2:$S$333,18,FALSE),"")
F61: =_xlfn.IFNA(VLOOKUP($D61,Sheet1!$B$2:$E$333,4,FALSE),"") | G61: =IFERROR(VLOOKUP($D61,Sheet1!$B$2:$S$333,6,FALSE),"") | H61: =IFERROR(VLOOKUP($D61,Sheet1!$B$2:$S$333,8,FALSE),"") | I61: =IFERROR(VLOOKUP($D61,Sheet1!$B$2:$S$333,10,FALSE),"") | J61: =IFERROR(VLOOKUP($D61,Sheet1!$B$2:$S$333,12,FALSE),"") | K61: =IFERROR(VLOOKUP($D61,Sheet1!$B$2:$S$333,14,FALSE),"") | L61: =IFERROR(VLOOKUP($D61,Sheet1!$B$2:$S$333,16,FALSE),"") | M61: =IFERROR(VLOOKUP($D61,Sheet1!$B$2:$S$333,18,FALSE),"")
F62: =_xlfn.IFNA(VLOOKUP($D62,Sheet1!$B$2:$E$333,4,FALSE),"") | G62: =IFERROR(VLOOKUP($D62,Sheet1!$B$2:$S$333,6,FALSE),"") | H62: =IFERROR(VLOOKUP($D62,Sheet1!$B$2:$S$333,8,FALSE),"") | I62: =IFERROR(VLOOKUP($D62,Sheet1!$B$2:$S$333,10,FALSE),"") | J62: =IFERROR(VLOOKUP($D62,Sheet1!$B$2:$S$333,12,FALSE),"") | K62: =IFERROR(VLOOKUP($D62,Sheet1!$B$2:$S$333,14,FALSE),"") | L62: =IFERROR(VLOOKUP($D62,Sheet1!$B$2:$S$333,16,FALSE),"") | M62: =IFERROR(VLOOKUP($D62,Sheet1!$B$2:$S$333,18,FALSE),"")
F63: =_xlfn.IFNA(VLOOKUP($D63,Sheet1!$B$2:$E$333,4,FALSE),"") | G63: =IFERROR(VLOOKUP($D63,Sheet1!$B$2:$S$333,6,FALSE),"") | H63: =IFERROR(VLOOKUP($D63,Sheet1!$B$2:$S$333,8,FALSE),"") | I63: =IFERROR(VLOOKUP($D63,Sheet1!$B$2:$S$333,10,FALSE),"") | J63: =IFERROR(VLOOKUP($D63,Sheet1!$B$2:$S$333,12,FALSE),"") | K63: =IFERROR(VLOOKUP($D63,Sheet1!$B$2:$S$333,14,FALSE),"") | L63: =IFERROR(VLOOKUP($D63,Sheet1!$B$2:$S$333,16,FALSE),"") | M63: =IFERROR(VLOOKUP($D63,Sheet1!$B$2:$S$333,18,FALSE),"")
F64: =_xlfn.IFNA(VLOOKUP($D64,Sheet1!$B$2:$E$333,4,FALSE),"") | G64: =IFERROR(VLOOKUP($D64,Sheet1!$B$2:$S$333,6,FALSE),"") | H64: =IFERROR(VLOOKUP($D64,Sheet1!$B$2:$S$333,8,FALSE),"") | I64: =IFERROR(VLOOKUP($D64,Sheet1!$B$2:$S$333,10,FALSE),"") | J64: =IFERROR(VLOOKUP($D64,Sheet1!$B$2:$S$333,12,FALSE),"") | K64: =IFERROR(VLOOKUP($D64,Sheet1!$B$2:$S$333,14,FALSE),"") | L64: =IFERROR(VLOOKUP($D64,Sheet1!$B$2:$S$333,16,FALSE),"") | M64: =IFERROR(VLOOKUP($D64,Sheet1!$B$2:$S$333,18,FALSE),"")
F65: =_xlfn.IFNA(VLOOKUP($D65,Sheet1!$B$2:$E$333,4,FALSE),"") | G65: =IFERROR(VLOOKUP($D65,Sheet1!$B$2:$S$333,6,FALSE),"") | H65: =IFERROR(VLOOKUP($D65,Sheet1!$B$2:$S$333,8,FALSE),"") | I65: =IFERROR(VLOOKUP($D65,Sheet1!$B$2:$S$333,10,FALSE),"") | J65: =IFERROR(VLOOKUP($D65,Sheet1!$B$2:$S$333,12,FALSE),"") | K65: =IFERROR(VLOOKUP($D65,Sheet1!$B$2:$S$333,14,FALSE),"") | L65: =IFERROR(VLOOKUP($D65,Sheet1!$B$2:$S$333,16,FALSE),"") | M65: =IFERROR(VLOOKUP($D65,Sheet1!$B$2:$S$333,18,FALSE),"")
F66: =_xlfn.IFNA(VLOOKUP($D66,Sheet1!$B$2:$E$333,4,FALSE),"") | G66: =IFERROR(VLOOKUP($D66,Sheet1!$B$2:$S$333,6,FALSE),"") | H66: =IFERROR(VLOOKUP($D66,Sheet1!$B$2:$S$333,8,FALSE),"") | I66: =IFERROR(VLOOKUP($D66,Sheet1!$B$2:$S$333,10,FALSE),"") | J66: =IFERROR(VLOOKUP($D66,Sheet1!$B$2:$S$333,12,FALSE),"") | K66: =IFERROR(VLOOKUP($D66,Sheet1!$B$2:$S$333,14,FALSE),"") | L66: =IFERROR(VLOOKUP($D66,Sheet1!$B$2:$S$333,16,FALSE),"") | M66: =IFERROR(VLOOKUP($D66,Sheet1!$B$2:$S$333,18,FALSE),"")
F67: =_xlfn.IFNA(VLOOKUP($D67,Sheet1!$B$2:$E$333,4,FALSE),"") | G67: =IFERROR(VLOOKUP($D67,Sheet1!$B$2:$S$333,6,FALSE),"") | H67: =IFERROR(VLOOKUP($D67,Sheet1!$B$2:$S$333,8,FALSE),"") | I67: =IFERROR(VLOOKUP($D67,Sheet1!$B$2:$S$333,10,FALSE),"") | J67: =IFERROR(VLOOKUP($D67,Sheet1!$B$2:$S$333,12,FALSE),"") | K67: =IFERROR(VLOOKUP($D67,Sheet1!$B$2:$S$333,14,FALSE),"") | L67: =IFERROR(VLOOKUP($D67,Sheet1!$B$2:$S$333,16,FALSE),"") | M67: =IFERROR(VLOOKUP($D67,Sheet1!$B$2:$S$333,18,FALSE),"")
... F71: =_xlfn.IFNA(VLOOKUP($D71,Sheet1!$B$2:$E$333,4,FALSE),"") | G71: =IFERROR(VLOOKUP($D71,Sheet1!$B$2:$S$333,6,FALSE),"") | H71: =IFERROR(VLOOKUP($D71,Sheet1!$B$2:$S$333,8,FALSE),"") | I71: =IFERROR(VLOOKUP($D71,Sheet1!$B$2:$S$333,10,FALSE),"") | J71: =IFERROR(VLOOKUP($D71,Sheet1!$B$2:$S$333,12,FALSE),"") | K71: =IFERROR(VLOOKUP($D71,Sheet1!$B$2:$S$333,14,FALSE),"") | L71: =IFERROR(VLOOKUP($D71,Sheet1!$B$2:$S$333,16,FALSE),"") | M71: =IFERROR(VLOOKUP($D71,Sheet1!$B$2:$S$333,18,FALSE),"")
C72: COASTAL
B73: CH,SV,SE, NE | C73: {=_xlfn._xlws.FILTER(Sheet1!$A$2:$C$333,Sheet1!$C$2:$C$333='GAD DISPATCHER SCHEDULE'!$U$25)} -> CURRY, CASEY | D73: 1030402 | E73: COASTAL - GAD | F73: =_xlfn.IFNA(VLOOKUP($D73,Sheet1!$B$2:$E$333,4,FALSE),"") -> 0 | G73: =IFERROR(VLOOKUP($D73,Sheet1!$B$2:$S$333,6,FALSE),"") -> OFF | H73: =IFERROR(VLOOKUP($D73,Sheet1!$B$2:$S$333,8,FALSE),"") -> OFF | I73: =IFERROR(VLOOKUP($D73,Sheet1!$B$2:$S$333,10,FALSE),"") -> AS-3 | J73: =IFERROR(VLOOKUP($D73,Sheet1!$B$2:$S$333,12,FALSE),"") -> AVAILABLE | K73: =IFERROR(VLOOKUP($D73,Sheet1!$B$2:$S$333,14,FALSE),"") -> SV-2 | L73: =IFERROR(VLOOKUP($D73,Sheet1!$B$2:$S$333,16,FALSE),"") -> NO-2 | M73: =IFERROR(VLOOKUP($D73,Sheet1!$B$2:$S$333,18,FALSE),"") -> AVAILABLE
B74: CH, SV, GS | C74: DENNIS, JOHN | D74: 1027200 | E74: COASTAL - GAD | F74: =_xlfn.IFNA(VLOOKUP($D74,Sheet1!$B$2:$E$333,4,FALSE),"") -> 0 | G74: =IFERROR(VLOOKUP($D74,Sheet1!$B$2:$S$333,6,FALSE),"") -> OFF | H74: =IFERROR(VLOOKUP($D74,Sheet1!$B$2:$S$333,8,FALSE),"") -> OFF | I74: =IFERROR(VLOOKUP($D74,Sheet1!$B$2:$S$333,10,FALSE),"") -> IN-2 | J74: =IFERROR(VLOOKUP($D74,Sheet1!$B$2:$S$333,12,FALSE),"") -> IN-2 | K74: =IFERROR(VLOOKUP($D74,Sheet1!$B$2:$S$333,14,FALSE),"") -> NE-2 | L74: =IFERROR(VLOOKUP($D74,Sheet1!$B$2:$S$333,16,FALSE),"") -> EE-2 | M74: =IFERROR(VLOOKUP($D74,Sheet1!$B$2:$S$333,18,FALSE),"") -> AVAILABLE
B75: NE, SE, CH | C75: DOBBS, JEREMY | D75: 1028867 | E75: COASTAL - GAD | F75: =_xlfn.IFNA(VLOOKUP($D75,Sheet1!$B$2:$E$333,4,FALSE),"") -> 0 | G75: =IFERROR(VLOOKUP($D75,Sheet1!$B$2:$S$333,6,FALSE),"") -> CH-1 | H75: =IFERROR(VLOOKUP($D75,Sheet1!$B$2:$S$333,8,FALSE),"") -> SE-2 | I75: =IFERROR(VLOOKUP($D75,Sheet1!$B$2:$S$333,10,FALSE),"") -> CH-3 | J75: =IFERROR(VLOOKUP($D75,Sheet1!$B$2:$S$333,12,FALSE),"") -> CH-3 | K75: =IFERROR(VLOOKUP($D75,Sheet1!$B$2:$S$333,14,FALSE),"") -> OFF | L75: =IFERROR(VLOOKUP($D75,Sheet1!$B$2:$S$333,16,FALSE),"") -> OFF | M75: =IFERROR(VLOOKUP($D75,Sheet1!$B$2:$S$333,18,FALSE),"") -> AVAILABLE
B76: SV, CH, DV | C76: GOSS, PHOENIX | D76: 1031097 | E76: COASTAL - GAD | F76: =_xlfn.IFNA(VLOOKUP($D76,Sheet1!$B$2:$E$333,4,FALSE),"") -> 0 | G76: =IFERROR(VLOOKUP($D76,Sheet1!$B$2:$S$333,6,FALSE),"") -> FMLA | H76: =IFERROR(VLOOKUP($D76,Sheet1!$B$2:$S$333,8,FALSE),"") -> SE-3-POST | I76: =IFERROR(VLOOKUP($D76,Sheet1!$B$2:$S$333,10,FALSE),"") -> OFF | J76: =IFERROR(VLOOKUP($D76,Sheet1!$B$2:$S$333,12,FALSE),"") -> OFF | K76: =IFERROR(VLOOKUP($D76,Sheet1!$B$2:$S$333,14,FALSE),"") -> SV-1 | L76: =IFERROR(VLOOKUP($D76,Sheet1!$B$2:$S$333,16,FALSE),"") -> IN-3 | M76: =IFERROR(VLOOKUP($D76,Sheet1!$B$2:$S$333,18,FALSE),"") -> IN-3
C77: IBN RABAH, BILAL | D77: 1028855 | E77: COASTAL - GAD | F77: =_xlfn.IFNA(VLOOKUP($D77,Sheet1!$B$2:$E$333,4,FALSE),"") -> 0 | G77: =IFERROR(VLOOKUP($D77,Sheet1!$B$2:$S$333,6,FALSE),"") -> SE-3 | H77: =IFERROR(VLOOKUP($D77,Sheet1!$B$2:$S$333,8,FALSE),"") -> AVAILABLE | I77: =IFERROR(VLOOKUP($D77,Sheet1!$B$2:$S$333,10,FALSE),"") -> OFF | J77: =IFERROR(VLOOKUP($D77,Sheet1!$B$2:$S$333,12,FALSE),"") -> OFF | K77: =IFERROR(VLOOKUP($D77,Sheet1!$B$2:$S$333,14,FALSE),"") -> SV-1-POST | L77: =IFERROR(VLOOKUP($D77,Sheet1!$B$2:$S$333,16,FALSE),"") -> SE-1 | M77: =IFERROR(VLOOKUP($D77,Sheet1!$B$2:$S$333,18,FALSE),"") -> SV-2-POST
C78: WALLER, CHARLES | D78: 1030381 | E78: COASTAL - GAD | F78: =_xlfn.IFNA(VLOOKUP($D78,Sheet1!$B$2:$E$333,4,FALSE),"") -> 0 | G78: =IFERROR(VLOOKUP($D78,Sheet1!$B$2:$S$333,6,FALSE),"") -> OFF | H78: =IFERROR(VLOOKUP($D78,Sheet1!$B$2:$S$333,8,FALSE),"") -> OFF | I78: =IFERROR(VLOOKUP($D78,Sheet1!$B$2:$S$333,10,FALSE),"") -> IN-1-POST | J78: =IFERROR(VLOOKUP($D78,Sheet1!$B$2:$S$333,12,FALSE),"") -> IN-1-POST | K78: =IFERROR(VLOOKUP($D78,Sheet1!$B$2:$S$333,14,FALSE),"") -> GS-1 | L78: =IFERROR(VLOOKUP($D78,Sheet1!$B$2:$S$333,16,FALSE),"") -> GS-2 | M78: =IFERROR(VLOOKUP($D78,Sheet1!$B$2:$S$333,18,FALSE),"") -> AVAILABLE
C79: WRIGHT, SHAMARA | D79: 1031684 | E79: COASTAL - GAD | F79: =_xlfn.IFNA(VLOOKUP($D79,Sheet1!$B$2:$E$333,4,FALSE),"") -> 0 | G79: =IFERROR(VLOOKUP($D79,Sheet1!$B$2:$S$333,6,FALSE),"") -> IN-1 | H79: =IFERROR(VLOOKUP($D79,Sheet1!$B$2:$S$333,8,FALSE),"") -> IN-1 | I79: =IFERROR(VLOOKUP($D79,Sheet1!$B$2:$S$333,10,FALSE),"") -> IN-1 | J79: =IFERROR(VLOOKUP($D79,Sheet1!$B$2:$S$333,12,FALSE),"") -> SV-1 | K79: =IFERROR(VLOOKUP($D79,Sheet1!$B$2:$S$333,14,FALSE),"") -> IN-3 | L79: =IFERROR(VLOOKUP($D79,Sheet1!$B$2:$S$333,16,FALSE),"") -> OFF | M79: =IFERROR(VLOOKUP($D79,Sheet1!$B$2:$S$333,18,FALSE),"") -> AVAILABLE
F80: =_xlfn.IFNA(VLOOKUP($D80,Sheet1!$B$2:$E$333,4,FALSE),"") | G80: =IFERROR(VLOOKUP($D80,Sheet1!$B$2:$S$333,6,FALSE),"") | H80: =IFERROR(VLOOKUP($D80,Sheet1!$B$2:$S$333,8,FALSE),"") | I80: =IFERROR(VLOOKUP($D80,Sheet1!$B$2:$S$333,10,FALSE),"") | J80: =IFERROR(VLOOKUP($D80,Sheet1!$B$2:$S$333,12,FALSE),"") | K80: =IFERROR(VLOOKUP($D80,Sheet1!$B$2:$S$333,14,FALSE),"") | L80: =IFERROR(VLOOKUP($D80,Sheet1!$B$2:$S$333,16,FALSE),"") | M80: =IFERROR(VLOOKUP($D80,Sheet1!$B$2:$S$333,18,FALSE),"")
F81: =_xlfn.IFNA(VLOOKUP($D81,Sheet1!$B$2:$E$333,4,FALSE),"") | G81: =IFERROR(VLOOKUP($D81,Sheet1!$B$2:$S$333,6,FALSE),"") | H81: =IFERROR(VLOOKUP($D81,Sheet1!$B$2:$S$333,8,FALSE),"") | I81: =IFERROR(VLOOKUP($D81,Sheet1!$B$2:$S$333,10,FALSE),"") | J81: =IFERROR(VLOOKUP($D81,Sheet1!$B$2:$S$333,12,FALSE),"") | K81: =IFERROR(VLOOKUP($D81,Sheet1!$B$2:$S$333,14,FALSE),"") | L81: =IFERROR(VLOOKUP($D81,Sheet1!$B$2:$S$333,16,FALSE),"") | M81: =IFERROR(VLOOKUP($D81,Sheet1!$B$2:$S$333,18,FALSE),"") | V81: KEYSTONE - GAD
F82: =_xlfn.IFNA(VLOOKUP($D82,Sheet1!$B$2:$E$333,4,FALSE),"") | G82: =IFERROR(VLOOKUP($D82,Sheet1!$B$2:$S$333,6,FALSE),"") | H82: =IFERROR(VLOOKUP($D82,Sheet1!$B$2:$S$333,8,FALSE),"") | I82: =IFERROR(VLOOKUP($D82,Sheet1!$B$2:$S$333,10,FALSE),"") | J82: =IFERROR(VLOOKUP($D82,Sheet1!$B$2:$S$333,12,FALSE),"") | K82: =IFERROR(VLOOKUP($D82,Sheet1!$B$2:$S$333,14,FALSE),"") | L82: =IFERROR(VLOOKUP($D82,Sheet1!$B$2:$S$333,16,FALSE),"") | M82: =IFERROR(VLOOKUP($D82,Sheet1!$B$2:$S$333,18,FALSE),"")
F83: =_xlfn.IFNA(VLOOKUP($D83,Sheet1!$B$2:$E$333,4,FALSE),"") | G83: =IFERROR(VLOOKUP($D83,Sheet1!$B$2:$S$333,6,FALSE),"") | H83: =IFERROR(VLOOKUP($D83,Sheet1!$B$2:$S$333,8,FALSE),"") | I83: =IFERROR(VLOOKUP($D83,Sheet1!$B$2:$S$333,10,FALSE),"") | J83: =IFERROR(VLOOKUP($D83,Sheet1!$B$2:$S$333,12,FALSE),"") | K83: =IFERROR(VLOOKUP($D83,Sheet1!$B$2:$S$333,14,FALSE),"") | L83: =IFERROR(VLOOKUP($D83,Sheet1!$B$2:$S$333,16,FALSE),"") | M83: =IFERROR(VLOOKUP($D83,Sheet1!$B$2:$S$333,18,FALSE),"")
F84: =_xlfn.IFNA(VLOOKUP($D84,Sheet1!$B$2:$E$333,4,FALSE),"") | G84: =IFERROR(VLOOKUP($D84,Sheet1!$B$2:$S$333,6,FALSE),"") | H84: =IFERROR(VLOOKUP($D84,Sheet1!$B$2:$S$333,8,FALSE),"") | I84: =IFERROR(VLOOKUP($D84,Sheet1!$B$2:$S$333,10,FALSE),"") | J84: =IFERROR(VLOOKUP($D84,Sheet1!$B$2:$S$333,12,FALSE),"") | K84: =IFERROR(VLOOKUP($D84,Sheet1!$B$2:$S$333,14,FALSE),"") | L84: =IFERROR(VLOOKUP($D84,Sheet1!$B$2:$S$333,16,FALSE),"") | M84: =IFERROR(VLOOKUP($D84,Sheet1!$B$2:$S$333,18,FALSE),"")
F85: =_xlfn.IFNA(VLOOKUP($D85,Sheet1!$B$2:$E$333,4,FALSE),"") | G85: =IFERROR(VLOOKUP($D85,Sheet1!$B$2:$S$333,6,FALSE),"") | H85: =IFERROR(VLOOKUP($D85,Sheet1!$B$2:$S$333,8,FALSE),"") | I85: =IFERROR(VLOOKUP($D85,Sheet1!$B$2:$S$333,10,FALSE),"") | J85: =IFERROR(VLOOKUP($D85,Sheet1!$B$2:$S$333,12,FALSE),"") | K85: =IFERROR(VLOOKUP($D85,Sheet1!$B$2:$S$333,14,FALSE),"") | L85: =IFERROR(VLOOKUP($D85,Sheet1!$B$2:$S$333,16,FALSE),"") | M85: =IFERROR(VLOOKUP($D85,Sheet1!$B$2:$S$333,18,FALSE),"")
F86: =_xlfn.IFNA(VLOOKUP($D86,Sheet1!$B$2:$E$333,4,FALSE),"") | G86: =IFERROR(VLOOKUP($D86,Sheet1!$B$2:$S$333,6,FALSE),"") | H86: =IFERROR(VLOOKUP($D86,Sheet1!$B$2:$S$333,8,FALSE),"") | I86: =IFERROR(VLOOKUP($D86,Sheet1!$B$2:$S$333,10,FALSE),"") | J86: =IFERROR(VLOOKUP($D86,Sheet1!$B$2:$S$333,12,FALSE),"") | K86: =IFERROR(VLOOKUP($D86,Sheet1!$B$2:$S$333,14,FALSE),"") | L86: =IFERROR(VLOOKUP($D86,Sheet1!$B$2:$S$333,16,FALSE),"") | M86: =IFERROR(VLOOKUP($D86,Sheet1!$B$2:$S$333,18,FALSE),"")
F87: =_xlfn.IFNA(VLOOKUP($D87,Sheet1!$B$2:$E$333,4,FALSE),"") | G87: =IFERROR(VLOOKUP($D87,Sheet1!$B$2:$S$333,6,FALSE),"") | H87: =IFERROR(VLOOKUP($D87,Sheet1!$B$2:$S$333,8,FALSE),"") | I87: =IFERROR(VLOOKUP($D87,Sheet1!$B$2:$S$333,10,FALSE),"") | J87: =IFERROR(VLOOKUP($D87,Sheet1!$B$2:$S$333,12,FALSE),"") | K87: =IFERROR(VLOOKUP($D87,Sheet1!$B$2:$S$333,14,FALSE),"") | L87: =IFERROR(VLOOKUP($D87,Sheet1!$B$2:$S$333,16,FALSE),"") | M87: =IFERROR(VLOOKUP($D87,Sheet1!$B$2:$S$333,18,FALSE),"")
F88: =_xlfn.IFNA(VLOOKUP($D88,Sheet1!$B$2:$E$333,4,FALSE),"") | G88: =IFERROR(VLOOKUP($D88,Sheet1!$B$2:$S$333,6,FALSE),"") | H88: =IFERROR(VLOOKUP($D88,Sheet1!$B$2:$S$333,8,FALSE),"") | I88: =IFERROR(VLOOKUP($D88,Sheet1!$B$2:$S$333,10,FALSE),"") | J88: =IFERROR(VLOOKUP($D88,Sheet1!$B$2:$S$333,12,FALSE),"") | K88: =IFERROR(VLOOKUP($D88,Sheet1!$B$2:$S$333,14,FALSE),"") | L88: =IFERROR(VLOOKUP($D88,Sheet1!$B$2:$S$333,16,FALSE),"") | M88: =IFERROR(VLOOKUP($D88,Sheet1!$B$2:$S$333,18,FALSE),"")
F89: =_xlfn.IFNA(VLOOKUP($D89,Sheet1!$B$2:$E$333,4,FALSE),"") | G89: =IFERROR(VLOOKUP($D89,Sheet1!$B$2:$S$333,6,FALSE),"") | H89: =IFERROR(VLOOKUP($D89,Sheet1!$B$2:$S$333,8,FALSE),"") | I89: =IFERROR(VLOOKUP($D89,Sheet1!$B$2:$S$333,10,FALSE),"") | J89: =IFERROR(VLOOKUP($D89,Sheet1!$B$2:$S$333,12,FALSE),"") | K89: =IFERROR(VLOOKUP($D89,Sheet1!$B$2:$S$333,14,FALSE),"") | L89: =IFERROR(VLOOKUP($D89,Sheet1!$B$2:$S$333,16,FALSE),"") | M89: =IFERROR(VLOOKUP($D89,Sheet1!$B$2:$S$333,18,FALSE),"")
F90: =_xlfn.IFNA(VLOOKUP($D90,Sheet1!$B$2:$E$333,4,FALSE),"") | G90: =IFERROR(VLOOKUP($D90,Sheet1!$B$2:$S$333,6,FALSE),"") | H90: =IFERROR(VLOOKUP($D90,Sheet1!$B$2:$S$333,8,FALSE),"") | I90: =IFERROR(VLOOKUP($D90,Sheet1!$B$2:$S$333,10,FALSE),"") | J90: =IFERROR(VLOOKUP($D90,Sheet1!$B$2:$S$333,12,FALSE),"") | K90: =IFERROR(VLOOKUP($D90,Sheet1!$B$2:$S$333,14,FALSE),"") | L90: =IFERROR(VLOOKUP($D90,Sheet1!$B$2:$S$333,16,FALSE),"") | M90: =IFERROR(VLOOKUP($D90,Sheet1!$B$2:$S$333,18,FALSE),"")
F91: =_xlfn.IFNA(VLOOKUP($D91,Sheet1!$B$2:$E$333,4,FALSE),"") | G91: =IFERROR(VLOOKUP($D91,Sheet1!$B$2:$S$333,6,FALSE),"") | H91: =IFERROR(VLOOKUP($D91,Sheet1!$B$2:$S$333,8,FALSE),"") | I91: =IFERROR(VLOOKUP($D91,Sheet1!$B$2:$S$333,10,FALSE),"") | J91: =IFERROR(VLOOKUP($D91,Sheet1!$B$2:$S$333,12,FALSE),"") | K91: =IFERROR(VLOOKUP($D91,Sheet1!$B$2:$S$333,14,FALSE),"") | L91: =IFERROR(VLOOKUP($D91,Sheet1!$B$2:$S$333,16,FALSE),"") | M91: =IFERROR(VLOOKUP($D91,Sheet1!$B$2:$S$333,18,FALSE),"")
F92: =_xlfn.IFNA(VLOOKUP($D92,Sheet1!$B$2:$E$333,4,FALSE),"") | G92: =IFERROR(VLOOKUP($D92,Sheet1!$B$2:$S$333,6,FALSE),"") | H92: =IFERROR(VLOOKUP($D92,Sheet1!$B$2:$S$333,8,FALSE),"") | I92: =IFERROR(VLOOKUP($D92,Sheet1!$B$2:$S$333,10,FALSE),"") | J92: =IFERROR(VLOOKUP($D92,Sheet1!$B$2:$S$333,12,FALSE),"") | K92: =IFERROR(VLOOKUP($D92,Sheet1!$B$2:$S$333,14,FALSE),"") | L92: =IFERROR(VLOOKUP($D92,Sheet1!$B$2:$S$333,16,FALSE),"") | M92: =IFERROR(VLOOKUP($D92,Sheet1!$B$2:$S$333,18,FALSE),"") | V92: GREATLAKES - GAD
F93: =_xlfn.IFNA(VLOOKUP($D93,Sheet1!$B$2:$E$333,4,FALSE),"") | G93: =IFERROR(VLOOKUP($D93,Sheet1!$B$2:$S$333,6,FALSE),"") | H93: =IFERROR(VLOOKUP($D93,Sheet1!$B$2:$S$333,8,FALSE),"") | I93: =IFERROR(VLOOKUP($D93,Sheet1!$B$2:$S$333,10,FALSE),"") | J93: =IFERROR(VLOOKUP($D93,Sheet1!$B$2:$S$333,12,FALSE),"") | K93: =IFERROR(VLOOKUP($D93,Sheet1!$B$2:$S$333,14,FALSE),"") | L93: =IFERROR(VLOOKUP($D93,Sheet1!$B$2:$S$333,16,FALSE),"") | M93: =IFERROR(VLOOKUP($D93,Sheet1!$B$2:$S$333,18,FALSE),"") | V93: MIDWEST - GAD
C94: GULF | V94: GULF - GAD
B95: CN, ME, 3B, IN | C95: {=_xlfn._xlws.FILTER(Sheet1!$A$2:$C$333,Sheet1!$C$2:$C$333='GAD DISPATCHER SCHEDULE'!$U$16)} -> ALICIE, BRANDON | D95: 0100010 | E95: GULF - GAD | F95: =_xlfn.IFNA(VLOOKUP($D95,Sheet1!$B$2:$E$333,4,FALSE),"") -> 0 | G95: =IFERROR(VLOOKUP($D95,Sheet1!$B$2:$S$333,6,FALSE),"") -> OFF | H95: =IFERROR(VLOOKUP($D95,Sheet1!$B$2:$S$333,8,FALSE),"") -> OFF | I95: =IFERROR(VLOOKUP($D95,Sheet1!$B$2:$S$333,10,FALSE),"") -> V-SD | J95: =IFERROR(VLOOKUP($D95,Sheet1!$B$2:$S$333,12,FALSE),"") -> RT-1 | K95: =IFERROR(VLOOKUP($D95,Sheet1!$B$2:$S$333,14,FALSE),"") -> EE-1 | L95: =IFERROR(VLOOKUP($D95,Sheet1!$B$2:$S$333,16,FALSE),"") -> KW-1 | M95: =IFERROR(VLOOKUP($D95,Sheet1!$B$2:$S$333,18,FALSE),"") -> AVAILABLE | V95: COASTAL - GAD
B96: CN, 3B, NO | C96: COBB, MATT | D96: 1030360 | E96: GULF - GAD | F96: =_xlfn.IFNA(VLOOKUP($D96,Sheet1!$B$2:$E$333,4,FALSE),"") -> 0 | G96: =IFERROR(VLOOKUP($D96,Sheet1!$B$2:$S$333,6,FALSE),"") -> BT-1 | H96: =IFERROR(VLOOKUP($D96,Sheet1!$B$2:$S$333,8,FALSE),"") -> AVAILABLE | I96: =IFERROR(VLOOKUP($D96,Sheet1!$B$2:$S$333,10,FALSE),"") -> AVAILABLE | J96: =IFERROR(VLOOKUP($D96,Sheet1!$B$2:$S$333,12,FALSE),"") -> AVAILABLE | K96: =IFERROR(VLOOKUP($D96,Sheet1!$B$2:$S$333,14,FALSE),"") -> OFF | L96: =IFERROR(VLOOKUP($D96,Sheet1!$B$2:$S$333,16,FALSE),"") -> OFF | M96: =IFERROR(VLOOKUP($D96,Sheet1!$B$2:$S$333,18,FALSE),"") -> ME-1 | V96: BLUE RIDGE - GAD
B97: ME, 3B, EE | C97: FRAZIER, WILLIE | D97: 1032756 | E97: GULF - GAD | F97: =_xlfn.IFNA(VLOOKUP($D97,Sheet1!$B$2:$E$333,4,FALSE),"") -> 0 | G97: =IFERROR(VLOOKUP($D97,Sheet1!$B$2:$S$333,6,FALSE),"") -> CN-2-POST | H97: =IFERROR(VLOOKUP($D97,Sheet1!$B$2:$S$333,8,FALSE),"") -> CN-2-POST | I97: =IFERROR(VLOOKUP($D97,Sheet1!$B$2:$S$333,10,FALSE),"") -> OFF | J97: =IFERROR(VLOOKUP($D97,Sheet1!$B$2:$S$333,12,FALSE),"") -> OFF | K97: =IFERROR(VLOOKUP($D97,Sheet1!$B$2:$S$333,14,FALSE),"") -> CN-2-POST | L97: =IFERROR(VLOOKUP($D97,Sheet1!$B$2:$S$333,16,FALSE),"") -> CN-2-POST | M97: =IFERROR(VLOOKUP($D97,Sheet1!$B$2:$S$333,18,FALSE),"") -> CN-2-POST
B98: NO (1/2 ONLY), KW, ME, 3B, AS | C98: HICKS, TREVOR | D98: 1027982 | E98: GULF - GAD | F98: =_xlfn.IFNA(VLOOKUP($D98,Sheet1!$B$2:$E$333,4,FALSE),"") -> 0 | G98: =IFERROR(VLOOKUP($D98,Sheet1!$B$2:$S$333,6,FALSE),"") -> S-SD | H98: =IFERROR(VLOOKUP($D98,Sheet1!$B$2:$S$333,8,FALSE),"") -> CN-1-POST | I98: =IFERROR(VLOOKUP($D98,Sheet1!$B$2:$S$333,10,FALSE),"") -> EE-1 | J98: =IFERROR(VLOOKUP($D98,Sheet1!$B$2:$S$333,12,FALSE),"") -> EE-1 | K98: =IFERROR(VLOOKUP($D98,Sheet1!$B$2:$S$333,14,FALSE),"") -> OFF | L98: =IFERROR(VLOOKUP($D98,Sheet1!$B$2:$S$333,16,FALSE),"") -> OFF | M98: =IFERROR(VLOOKUP($D98,Sheet1!$B$2:$S$333,18,FALSE),"") -> CN-1-POST
B99: BT, EE, NO, 3B | C99: MCKINNEY, REBECCA | D99: 1019606 | E99: GULF - GAD | F99: =_xlfn.IFNA(VLOOKUP($D99,Sheet1!$B$2:$E$333,4,FALSE),"") -> 0 | G99: =IFERROR(VLOOKUP($D99,Sheet1!$B$2:$S$333,6,FALSE),"") -> OFF | H99: =IFERROR(VLOOKUP($D99,Sheet1!$B$2:$S$333,8,FALSE),"") -> OFF | I99: =IFERROR(VLOOKUP($D99,Sheet1!$B$2:$S$333,10,FALSE),"") -> ACD2-GU | J99: =IFERROR(VLOOKUP($D99,Sheet1!$B$2:$S$333,12,FALSE),"") -> ACD2-GU | K99: =IFERROR(VLOOKUP($D99,Sheet1!$B$2:$S$333,14,FALSE),"") -> 3B-3 | L99: =IFERROR(VLOOKUP($D99,Sheet1!$B$2:$S$333,16,FALSE),"") -> AVAILABLE | M99: =IFERROR(VLOOKUP($D99,Sheet1!$B$2:$S$333,18,FALSE),"") -> ACD1-CO
B100: KW, 3B, AS | C100: RUSSELL, SHALONDIA | D100: 1028258 | E100: GULF - GAD | F100: =_xlfn.IFNA(VLOOKUP($D100,Sheet1!$B$2:$E$333,4,FALSE),"") -> 0 | G100: =IFERROR(VLOOKUP($D100,Sheet1!$B$2:$S$333,6,FALSE),"") -> 3B-1 | H100: =IFERROR(VLOOKUP($D100,Sheet1!$B$2:$S$333,8,FALSE),"") -> NO-3 | I100: =IFERROR(VLOOKUP($D100,Sheet1!$B$2:$S$333,10,FALSE),"") -> OFF | J100: =IFERROR(VLOOKUP($D100,Sheet1!$B$2:$S$333,12,FALSE),"") -> OFF | K100: =IFERROR(VLOOKUP($D100,Sheet1!$B$2:$S$333,14,FALSE),"") -> BT-1-POST | L100: =IFERROR(VLOOKUP($D100,Sheet1!$B$2:$S$333,16,FALSE),"") -> ME-2 | M100: =IFERROR(VLOOKUP($D100,Sheet1!$B$2:$S$333,18,FALSE),"") -> BT-2-POST
C101: WILLIFORD, JUSTINA | D101: 1024517 | E101: GULF - GAD | F101: =_xlfn.IFNA(VLOOKUP($D101,Sheet1!$B$2:$E$333,4,FALSE),"") -> 0 | G101: =IFERROR(VLOOKUP($D101,Sheet1!$B$2:$S$333,6,FALSE),"") -> 3B-2 | H101: =IFERROR(VLOOKUP($D101,Sheet1!$B$2:$S$333,8,FALSE),"") -> ME-2-POST | I101: =IFERROR(VLOOKUP($D101,Sheet1!$B$2:$S$333,10,FALSE),"") -> ME-2-POST | J101: =IFERROR(VLOOKUP($D101,Sheet1!$B$2:$S$333,12,FALSE),"") -> NO-2 | K101: =IFERROR(VLOOKUP($D101,Sheet1!$B$2:$S$333,14,FALSE),"") -> OFF | L101: =IFERROR(VLOOKUP($D101,Sheet1!$B$2:$S$333,16,FALSE),"") -> OFF | M101: =IFERROR(VLOOKUP($D101,Sheet1!$B$2:$S$333,18,FALSE),"") -> S-APPT
F102: =_xlfn.IFNA(VLOOKUP($D102,Sheet1!$B$2:$E$333,4,FALSE),"") | G102: =IFERROR(VLOOKUP($D102,Sheet1!$B$2:$S$333,6,FALSE),"") | H102: =IFERROR(VLOOKUP($D102,Sheet1!$B$2:$S$333,8,FALSE),"") | I102: =IFERROR(VLOOKUP($D102,Sheet1!$B$2:$S$333,10,FALSE),"") | J102: =IFERROR(VLOOKUP($D102,Sheet1!$B$2:$S$333,12,FALSE),"") | K102: =IFERROR(VLOOKUP($D102,Sheet1!$B$2:$S$333,14,FALSE),"") | L102: =IFERROR(VLOOKUP($D102,Sheet1!$B$2:$S$333,16,FALSE),"") | M102: =IFERROR(VLOOKUP($D102,Sheet1!$B$2:$S$333,18,FALSE),"")
F103: =_xlfn.IFNA(VLOOKUP($D103,Sheet1!$B$2:$E$333,4,FALSE),"") | G103: =IFERROR(VLOOKUP($D103,Sheet1!$B$2:$S$333,6,FALSE),"") | H103: =IFERROR(VLOOKUP($D103,Sheet1!$B$2:$S$333,8,FALSE),"") | I103: =IFERROR(VLOOKUP($D103,Sheet1!$B$2:$S$333,10,FALSE),"") | J103: =IFERROR(VLOOKUP($D103,Sheet1!$B$2:$S$333,12,FALSE),"") | K103: =IFERROR(VLOOKUP($D103,Sheet1!$B$2:$S$333,14,FALSE),"") | L103: =IFERROR(VLOOKUP($D103,Sheet1!$B$2:$S$333,16,FALSE),"") | M103: =IFERROR(VLOOKUP($D103,Sheet1!$B$2:$S$333,18,FALSE),"")
F104: =_xlfn.IFNA(VLOOKUP($D104,Sheet1!$B$2:$E$333,4,FALSE),"") | G104: =IFERROR(VLOOKUP($D104,Sheet1!$B$2:$S$333,6,FALSE),"") | H104: =IFERROR(VLOOKUP($D104,Sheet1!$B$2:$S$333,8,FALSE),"") | I104: =IFERROR(VLOOKUP($D104,Sheet1!$B$2:$S$333,10,FALSE),"") | J104: =IFERROR(VLOOKUP($D104,Sheet1!$B$2:$S$333,12,FALSE),"") | K104: =IFERROR(VLOOKUP($D104,Sheet1!$B$2:$S$333,14,FALSE),"") | L104: =IFERROR(VLOOKUP($D104,Sheet1!$B$2:$S$333,16,FALSE),"") | M104: =IFERROR(VLOOKUP($D104,Sheet1!$B$2:$S$333,18,FALSE),"")
F105: =_xlfn.IFNA(VLOOKUP($D105,Sheet1!$B$2:$E$333,4,FALSE),"") | G105: =IFERROR(VLOOKUP($D105,Sheet1!$B$2:$S$333,6,FALSE),"") | H105: =IFERROR(VLOOKUP($D105,Sheet1!$B$2:$S$333,8,FALSE),"") | I105: =IFERROR(VLOOKUP($D105,Sheet1!$B$2:$S$333,10,FALSE),"") | J105: =IFERROR(VLOOKUP($D105,Sheet1!$B$2:$S$333,12,FALSE),"") | K105: =IFERROR(VLOOKUP($D105,Sheet1!$B$2:$S$333,14,FALSE),"") | L105: =IFERROR(VLOOKUP($D105,Sheet1!$B$2:$S$333,16,FALSE),"") | M105: =IFERROR(VLOOKUP($D105,Sheet1!$B$2:$S$333,18,FALSE),"")
...

Sheet NORTHERN REGION SCHEDULE
F1: NORTHERN REGION NETWORK OPERATIONS CENTER DISPATCHER SCHEDULE
G4: =TEXT(G5,"dddd") -> Saturday | H4: =TEXT(H5,"dddd") -> Sunday | I4: =TEXT(I5,"dddd") -> Monday | J4: =TEXT(J5,"dddd") -> Tuesday | K4: =TEXT(K5,"dddd") -> Wednesday | L4: =TEXT(L5,"dddd") -> Thursday | M4: =TEXT(M5,"dddd") -> Friday
F5: DESK | G5: =Sheet1!F1 -> 45969 | H5: =+G5+1 -> 45970 | I5: =+H5+1 -> 45971 | J5: =+I5+1 -> 45972 | K5: =+J5+1 -> 45973 | L5: =+K5+1 -> 45974 | M5: =+L5+1 -> 45975
F6: KEYSTONE
C7: 1ST SHIFT | E7: HT-1 | F7: HT - HARRISBURG TERMINAL | G7: {=IF(RIGHT(_xlfn._xlws.FILTER(Sheet1!$G$2:$G$333,(Sheet1!$G$2:$G$333=$E7)+(Sheet1!$G$2:$G$333=$E8)+(Sheet1!$G$2:$G$333=$E9),""),4)="POST",CONCATENATE(_xlfn._xlws.FILTER(Sheet1!$A$2:$A$333,(Sheet1!$G$2:$G$333=$E7)+(Sheet1!$G$2:$G$333=$E8)+(Sheet1!$G$2:$G$333=$E9),""),"-","POST"),_xlfn._xlws.FILTER(Sheet1!$A$2:$A$333,(Sheet1!$G$2:$G$333=$E7)+(Sheet1!$G$2:$G$333=$E8)+(Sheet1!$G$2:$G$333=$E9),"UNFILLED"))} -> CLAFFY, DEIDRE | H7: {=IF(RIGHT(_xlfn._xlws.FILTER(Sheet1!$I$2:$I$333,(Sheet1!$I$2:$I$333=$E7)+(Sheet1!$I$2:$I$333=$E8)+(Sheet1!$I$2:$I$333=$E9),""),4)="POST",CONCATENATE(_xlfn._xlws.FILTER(Sheet1!$A$2:$A$333,(Sheet1!$I$2:$I$333=$E7)+(Sheet1!$I$2:$I$333=$E8)+(Sheet1!$I$2:$I$333=$E9),""),"-","POST"),_xlfn._xlws.FILTER(Sheet1!$A$2:$A$333,(Sheet1!$I$2:$I$333=$E7)+(Sheet1!$I$2:$I$333=$E8)+(Sheet1!$I$2:$I$333=$E9),"UNFILLED"))} -> CAMARDA, CHRIS | I7: {=IF(RIGHT(_xlfn._xlws.FILTER(Sheet1!$K$2:$K$333,(Sheet1!$K$2:$K$333=$E7)+(Sheet1!$K$2:$K$333=$E8)+(Sheet1!$K$2:$K$333=$E9),""),4)="POST",CONCATENATE(_xlfn._xlws.FILTER(Sheet1!$A$2:$A$333,(Sheet1!$K$2:$K$333=$E7)+(Sheet1!$K$2:$K$333=$E8)+(Sheet1!$K$2:$K$333=$E9),""),"-","POST"),_xlfn._xlws.FILTER(Sheet1!$A$2:$A$333,(Sheet1!$K$2:$K$333=$E7)+(Sheet1!$K$2:$K$333=$E8)+(Sheet1!$K$2:$K$333=$E9),"UNFILLED"))} -> CAMARDA, CHRIS | J7: {=IF(RIGHT(_xlfn._xlws.FILTER(Sheet1!M$2:M$333,(Sheet1!M$2:M$333=$E7)+(Sheet1!M$2:M$333=$E8)+(Sheet1!M$2:M$333=$E9),""),4)="POST",CONCATENATE(_xlfn._xlws.FILTER(Sheet1!$A$2:$A$333,(Sheet1!M$2:M$333=$E7)+(Sheet1!M$2:M$333=$E8)+(Sheet1!M$2:M$333=$E9),""),"-","POST"),_xlfn._xlws.FILTER(Sheet1!$A$2:$A$333,(Sheet1!M$2:M$333=$E7)+(Sheet1!M$2:M$333=$E8)+(Sheet1!M$2:M$333=$E9),"UNFILLED"))} -> CAMARDA, CHRIS | K7: {=IF(RIGHT(_xlfn._xlws.FILTER(Sheet1!$O$2:$O$333,(Sheet1!$O$2:$O$333=$E7)+(Sheet1!$O$2:$O$333=$E8)+(Sheet1!$O$2:$O$333=$E9),""),4)="POST",CONCATENATE(_xlfn._xlws.FILTER(Sheet1!$A$2:$A$333,(Sheet1!$O$2:$O$333=$E7)+(Sheet1!$O$2:$O$333=$E8)+(Sheet1!$O$2:$O$333=$E9),""),"-","POST"),_xlfn._xlws.FILTER(Sheet1!$A$2:$A$333,(Sheet1!$O$2:$O$333=$E7)+(Sheet1!$O$2:$O$333=$E8)+(Sheet1!$O$2:$O$333=$E9),"UNFILLED"))} -> CAMARDA, CHRIS | L7: {=IF(RIGHT(_xlfn._xlws.FILTER(Sheet1!$Q$2:$Q$333,(Sheet1!$Q$2:$Q$333=$E7)+(Sheet1!$Q$2:$Q$333=$E8)+(Sheet1!$Q$2:$Q$333=$E9),""),4)="POST",CONCATENATE(_xlfn._xlws.FILTER(Sheet1!$A$2:$A$333,(Sheet1!$Q$2:$Q$333=$E7)+(Sheet1!$Q$2:$Q$333=$E8)+(Sheet1!$Q$2:$Q$333=$E9),""),"-","POST"),_xlfn._xlws.FILTER(Sheet1!$A$2:$A$333,(Sheet1!$Q$2:$Q$333=$E7)+(Sheet1!$Q$2:$Q$333=$E8)+(Sheet1!$Q$2:$Q$333=$E9),"UNFILLED"))} -> CAMARDA, CHRIS | M7: {=IF(RIGHT(_xlfn._xlws.FILTER(Sheet1!$S$2:$S$333,(Sheet1!$S$2:$S$333=$E7)+(Sheet1!$S$2:$S$333=$E8)+(Sheet1!$S$2:$S$333=$E9),""),4)="POST",CONCATENATE(_xlfn._xlws.FILTER(Sheet1!$A$2:$A$333,(Sheet1!$S$2:$S$333=$E7)+(Sheet1!$S$2:$S$333=$E8)+(Sheet1!$S$2:$S$333=$E9),""),"-","POST"),_xlfn._xlws.FILTER(Sheet1!$A$2:$A$333,(Sheet1!$S$2:$S$333=$E7)+(Sheet1!$S$2:$S$333=$E8)+(Sheet1!$S$2:$S$333=$E9),"UNFILLED"))} -> CLAFFY, DEIDRE
E8: =_xlfn.CONCAT(E7,"-","POST") -> HT-1-POST
E9: =_xlfn.CONCAT(E7,"-","PILOT") -> HT-1-PILOT
E10: HE-1 | F10: HE - HARRISBURG EAST | G10: {=IF(RIGHT(_xlfn._xlws.FILTER(Sheet1!$G$2:$G$333,(Sheet1!$G$2:$G$333=$E10)+(Sheet1!$G$2:$G$333=$E11)+(Sheet1!$G$2:$G$333=$E12),""),4)="POST",CONCATENATE(_xlfn._xlws.FILTER(Sheet1!$A$2:$A$333,(Sheet1!$G$2:$G$333=$E10)+(Sheet1!$G$2:$G$333=$E11)+(Sheet1!$G$2:$G$333=$E12),""),"-","POST"),_xlfn._xlws.FILTER(Sheet1!$A$2:$A$333,(Sheet1!$G$2:$G$333=$E10)+(Sheet1!$G$2:$G$333=$E11)+(Sheet1!$G$2:$G$333=$E12),"UNFILLED"))} -> JONES, ANTHONY | H10: {=IF(RIGHT(_xlfn._xlws.FILTER(Sheet1!$I$2:$I$333,(Sheet1!$I$2:$I$333=$E10)+(Sheet1!$I$2:$I$333=$E11)+(Sheet1!$I$2:$I$333=$E12),""),4)="POST",CONCATENATE(_xlfn._xlws.FILTER(Sheet1!$A$2:$A$333,(Sheet1!$I$2:$I$333=$E10)+(Sheet1!$I$2:$I$333=$E11)+(Sheet1!$I$2:$I$333=$E12),""),"-","POST"),_xlfn._xlws.FILTER(Sheet1!$A$2:$A$333,(Sheet1!$I$2:$I$333=$E10)+(Sheet1!$I$2:$I$333=$E11)+(Sheet1!$I$2:$I$333=$E12),"UNFILLED"))} -> TUCKER, JUSTIN | I10: {=IF(RIGHT(_xlfn._xlws.FILTER(Sheet1!$K$2:$K$333,(Sheet1!$K$2:$K$333=$E10)+(Sheet1!$K$2:$K$333=$E11)+(Sheet1!$K$2:$K$333=$E12),""),4)="POST",CONCATENATE(_xlfn._xlws.FILTER(Sheet1!$A$2:$A$333,(Sheet1!$K$2:$K$333=$E10)+(Sheet1!$K$2:$K$333=$E11)+(Sheet1!$K$2:$K$333=$E12),""),"-","POST"),_xlfn._xlws.FILTER(Sheet1!$A$2:$A$333,(Sheet1!$K$2:$K$333=$E10)+(Sheet1!$K$2:$K$333=$E11)+(Sheet1!$K$2:$K$333=$E12),"UNFILLED"))} -> SLANEY, MATTHEW | J10: {=IF(RIGHT(_xlfn._xlws.FILTER(Sheet1!M$2:M$333,(Sheet1!M$2:M$333=$E10)+(Sheet1!M$2:M$333=$E11)+(Sheet1!M$2:M$333=$E12),""),4)="POST",CONCATENATE(_xlfn._xlws.FILTER(Sheet1!$A$2:$A$333,(Sheet1!M$2:M$333=$E10)+(Sheet1!M$2:M$333=$E11)+(Sheet1!M$2:M$333=$E12),""),"-","POST"),_xlfn._xlws.FILTER(Sheet1!$A$2:$A$333,(Sheet1!M$2:M$333=$E10)+(Sheet1!M$2:M$333=$E11)+(Sheet1!M$2:M$333=$E12),"UNFILLED"))} -> CARR, JEREMY | K10: {=IF(RIGHT(_xlfn._xlws.FILTER(Sheet1!$O$2:$O$333,(Sheet1!$O$2:$O$333=$E10)+(Sheet1!$O$2:$O$333=$E11)+(Sheet1!$O$2:$O$333=$E12),""),4)="POST",CONCATENATE(_xlfn._xlws.FILTER(Sheet1!$A$2:$A$333,(Sheet1!$O$2:$O$333=$E10)+(Sheet1!$O$2:$O$333=$E11)+(Sheet1!$O$2:$O$333=$E12),""),"-","POST"),_xlfn._xlws.FILTER(Sheet1!$A$2:$A$333,(Sheet1!$O$2:$O$333=$E10)+(Sheet1!$O$2:$O$333=$E11)+(Sheet1!$O$2:$O$333=$E12),"UNFILLED"))} -> CARR, JEREMY | L10: {=IF(RIGHT(_xlfn._xlws.FILTER(Sheet1!$Q$2:$Q$333,(Sheet1!$Q$2:$Q$333=$E10)+(Sheet1!$Q$2:$Q$333=$E11)+(Sheet1!$Q$2:$Q$333=$E12),""),4)="POST",CONCATENATE(_xlfn._xlws.FILTER(Sheet1!$A$2:$A$333,(Sheet1!$Q$2:$Q$333=$E10)+(Sheet1!$Q$2:$Q$333=$E11)+(Sheet1!$Q$2:$Q$333=$E12),""),"-","POST"),_xlfn._xlws.FILTER(Sheet1!$A$2:$A$333,(Sheet1!$Q$2:$Q$333=$E10)+(Sheet1!$Q$2:$Q$333=$E11)+(Sheet1!$Q$2:$Q$333=$E12),"UNFILLED"))} -> CARR, JEREMY | M10: {=IF(RIGHT(_xlfn._xlws.FILTER(Sheet1!$S$2:$S$333,(Sheet1!$S$2:$S$333=$E10)+(Sheet1!$S$2:$S$333=$E11)+(Sheet1!$S$2:$S$333=$E12),""),4)="POST",CONCATENATE(_xlfn._xlws.FILTER(Sheet1!$A$2:$A$333,(Sheet1!$S$2:$S$333=$E10)+(Sheet1!$S$2:$S$333=$E11)+(Sheet1!$S$2:$S$333=$E12),""),"-","POST"),_xlfn._xlws.FILTER(Sheet1!$A$2:$A$333,(Sheet1!$S$2:$S$333=$E10)+(Sheet1!$S$2:$S$333=$E11)+(Sheet1!$S$2:$S$333=$E12),"UNFILLED"))} -> CARR, JEREMY
E11: =_xlfn.CONCAT(E10,"-","POST") -> HE-1-POST
E12: =_xlfn.CONCAT(E10,"-","PILOT") -> HE-1-PILOT
E13: RL-1 | F13: RL - RIVERLINE | G13: {=IF(RIGHT(_xlfn._xlws.FILTER(Sheet1!$G$2:$G$333,(Sheet1!$G$2:$G$333=$E13)+(Sheet1!$G$2:$G$333=$E14)+(Sheet1!$G$2:$G$333=$E15),""),4)="POST",CONCATENATE(_xlfn._xlws.FILTER(Sheet1!$A$2:$A$333,(Sheet1!$G$2:$G$333=$E13)+(Sheet1!$G$2:$G$333=$E14)+(Sheet1!$G$2:$G$333=$E15),""),"-","POST"),_xlfn._xlws.FILTER(Sheet1!$A$2:$A$333,(Sheet1!$G$2:$G$333=$E13)+(Sheet1!$G$2:$G$333=$E14)+(Sheet1!$G$2:$G$333=$E15),"UNFILLED"))} -> BOYD, MIA | H13: {=IF(RIGHT(_xlfn._xlws.FILTER(Sheet1!$I$2:$I$333,(Sheet1!$I$2:$I$333=$E13)+(Sheet1!$I$2:$I$333=$E14)+(Sheet1!$I$2:$I$333=$E15),""),4)="POST",CONCATENATE(_xlfn._xlws.FILTER(Sheet1!$A$2:$A$333,(Sheet1!$I$2:$I$333=$E13)+(Sheet1!$I$2:$I$333=$E14)+(Sheet1!$I$2:$I$333=$E15),""),"-","POST"),_xlfn._xlws.FILTER(Sheet1!$A$2:$A$333,(Sheet1!$I$2:$I$333=$E13)+(Sheet1!$I$2:$I$333=$E14)+(Sheet1!$I$2:$I$333=$E15),"UNFILLED"))} -> ROTH, KATE | I13: {=IF(RIGHT(_xlfn._xlws.FILTER(Sheet1!$K$2:$K$333,(Sheet1!$K$2:$K$333=$E13)+(Sheet1!$K$2:$K$333=$E14)+(Sheet1!$K$2:$K$333=$E15),""),4)="POST",CONCATENATE(_xlfn._xlws.FILTER(Sheet1!$A$2:$A$333,(Sheet1!$K$2:$K$333=$E13)+(Sheet1!$K$2:$K$333=$E14)+(Sheet1!$K$2:$K$333=$E15),""),"-","POST"),_xlfn._xlws.FILTER(Sheet1!$A$2:$A$333,(Sheet1!$K$2:$K$333=$E13)+(Sheet1!$K$2:$K$333=$E14)+(Sheet1!$K$2:$K$333=$E15),"UNFILLED"))} -> ROTH, KATE | J13: {=IF(RIGHT(_xlfn._xlws.FILTER(Sheet1!M$2:M$333,(Sheet1!M$2:M$333=$E13)+(Sheet1!M$2:M$333=$E14)+(Sheet1!M$2:M$333=$E15),""),4)="POST",CONCATENATE(_xlfn._xlws.FILTER(Sheet1!$A$2:$A$333,(Sheet1!M$2:M$333=$E13)+(Sheet1!M$2:M$333=$E14)+(Sheet1!M$2:M$333=$E15),""),"-","POST"),_xlfn._xlws.FILTER(Sheet1!$A$2:$A$333,(Sheet1!M$2:M$333=$E13)+(Sheet1!M$2:M$333=$E14)+(Sheet1!M$2:M$333=$E15),"UNFILLED"))} -> ROTH, KATE | K13: {=IF(RIGHT(_xlfn._xlws.FILTER(Sheet1!$O$2:$O$333,(Sheet1!$O$2:$O$333=$E13)+(Sheet1!$O$2:$O$333=$E14)+(Sheet1!$O$2:$O$333=$E15),""),4)="POST",CONCATENATE(_xlfn._xlws.FILTER(Sheet1!$A$2:$A$333,(Sheet1!$O$2:$O$333=$E13)+(Sheet1!$O$2:$O$333=$E14)+(Sheet1!$O$2:$O$333=$E15),""),"-","POST"),_xlfn._xlws.FILTER(Sheet1!$A$2:$A$333,(Sheet1!$O$2:$O$333=$E13)+(Sheet1!$O$2:$O$333=$E14)+(Sheet1!$O$2:$O$333=$E15),"UNFILLED"))} -> ROTH, KATE | L13: {=IF(RIGHT(_xlfn._xlws.FILTER(Sheet1!$Q$2:$Q$333,(Sheet1!$Q$2:$Q$333=$E13)+(Sheet1!$Q$2:$Q$333=$E14)+(Sheet1!$Q$2:$Q$333=$E15),""),4)="POST",CONCATENATE(_xlfn._xlws.FILTER(Sheet1!$A$2:$A$333,(Sheet1!$Q$2:$Q$333=$E13)+(Sheet1!$Q$2:$Q$333=$E14)+(Sheet1!$Q$2:$Q$333=$E15),""),"-","POST"),_xlfn._xlws.FILTER(Sheet1!$A$2:$A$333,(Sheet1!$Q$2:$Q$333=$E13)+(Sheet1!$Q$2:$Q$333=$E14)+(Sheet1!$Q$2:$Q$333=$E15),"UNFILLED"))} -> ROTH, KATE | M13: {=IF(RIGHT(_xlfn._xlws.FILTER(Sheet1!$S$2:$S$333,(Sheet1!$S$2:$S$333=$E13)+(Sheet1!$S$2:$S$333=$E14)+(Sheet1!$S$2:$S$333=$E15),""),4)="POST",CONCATENATE(_xlfn._xlws.FILTER(Sheet1!$A$2:$A$333,(Sheet1!$S$2:$S$333=$E13)+(Sheet1!$S$2:$S$333=$E14)+(Sheet1!$S$2:$S$333=$E15),""),"-","POST"),_xlfn._xlws.FILTER(Sheet1!$A$2:$A$333,(Sheet1!$S$2:$S$333=$E13)+(Sheet1!$S$2:$S$333=$E14)+(Sheet1!$S$2:$S$333=$E15),"UNFILLED"))} -> BOYD, MIA
E14: =_xlfn.CONCAT(E13,"-","POST") -> RL-1-POST | G14: TUCKER, JUSTIN-POST
E15: =_xlfn.CONCAT(E13,"-","PILOT") -> RL-1-PILOT
E16: DH-1 | F16: DH - D & H | G16: {=IF(RIGHT(_xlfn._xlws.FILTER(Sheet1!$G$2:$G$333,(Sheet1!$G$2:$G$333=$E16)+(Sheet1!$G$2:$G$333=$E17)+(Sheet1!$G$2:$G$333=$E18),""),4)="POST",CONCATENATE(_xlfn._xlws.FILTER(Sheet1!$A$2:$A$333,(Sheet1!$G$2:$G$333=$E16)+(Sheet1!$G$2:$G$333=$E17)+(Sheet1!$G$2:$G$333=$E18),""),"-","POST"),_xlfn._xlws.FILTER(Sheet1!$A$2:$A$333,(Sheet1!$G$2:$G$333=$E16)+(Sheet1!$G$2:$G$333=$E17)+(Sheet1!$G$2:$G$333=$E18),"UNFILLED"))} -> ZEIGLER, KIMBERLY | H16: {=IF(RIGHT(_xlfn._xlws.FILTER(Sheet1!$I$2:$I$333,(Sheet1!$I$2:$I$333=$E16)+(Sheet1!$I$2:$I$333=$E17)+(Sheet1!$I$2:$I$333=$E18),""),4)="POST",CONCATENATE(_xlfn._xlws.FILTER(Sheet1!$A$2:$A$333,(Sheet1!$I$2:$I$333=$E16)+(Sheet1!$I$2:$I$333=$E17)+(Sheet1!$I$2:$I$333=$E18),""),"-","POST"),_xlfn._xlws.FILTER(Sheet1!$A$2:$A$333,(Sheet1!$I$2:$I$333=$E16)+(Sheet1!$I$2:$I$333=$E17)+(Sheet1!$I$2:$I$333=$E18),"UNFILLED"))} -> ZEIGLER, KIMBERLY | I16: {=IF(RIGHT(_xlfn._xlws.FILTER(Sheet1!$K$2:$K$333,(Sheet1!$K$2:$K$333=$E16)+(Sheet1!$K$2:$K$333=$E17)+(Sheet1!$K$2:$K$333=$E18),""),4)="POST",CONCATENATE(_xlfn._xlws.FILTER(Sheet1!$A$2:$A$333,(Sheet1!$K$2:$K$333=$E16)+(Sheet1!$K$2:$K$333=$E17)+(Sheet1!$K$2:$K$333=$E18),""),"-","POST"),_xlfn._xlws.FILTER(Sheet1!$A$2:$A$333,(Sheet1!$K$2:$K$333=$E16)+(Sheet1!$K$2:$K$333=$E17)+(Sheet1!$K$2:$K$333=$E18),"UNFILLED"))} -> WIMMER, CHRISTOPHER | J16: {=IF(RIGHT(_xlfn._xlws.FILTER(Sheet1!M$2:M$333,(Sheet1!M$2:M$333=$E16)+(Sheet1!M$2:M$333=$E17)+(Sheet1!M$2:M$333=$E18),""),4)="POST",CONCATENATE(_xlfn._xlws.FILTER(Sheet1!$A$2:$A$333,(Sheet1!M$2:M$333=$E16)+(Sheet1!M$2:M$333=$E17)+(Sheet1!M$2:M$333=$E18),""),"-","POST"),_xlfn._xlws.FILTER(Sheet1!$A$2:$A$333,(Sheet1!M$2:M$333=$E16)+(Sheet1!M$2:M$333=$E17)+(Sheet1!M$2:M$333=$E18),"UNFILLED"))} -> WIMMER, CHRISTOPHER | K16: {=IF(RIGHT(_xlfn._xlws.FILTER(Sheet1!$O$2:$O$333,(Sheet1!$O$2:$O$333=$E16)+(Sheet1!$O$2:$O$333=$E17)+(Sheet1!$O$2:$O$333=$E18),""),4)="POST",CONCATENATE(_xlfn._xlws.FILTER(Sheet1!$A$2:$A$333,(Sheet1!$O$2:$O$333=$E16)+(Sheet1!$O$2:$O$333=$E17)+(Sheet1!$O$2:$O$333=$E18),""),"-","POST"),_xlfn._xlws.FILTER(Sheet1!$A$2:$A$333,(Sheet1!$O$2:$O$333=$E16)+(Sheet1!$O$2:$O$333=$E17)+(Sheet1!$O$2:$O$333=$E18),"UNFILLED"))} -> WIMMER, CHRISTOPHER | L16: {=IF(RIGHT(_xlfn._xlws.FILTER(Sheet1!$Q$2:$Q$333,(Sheet1!$Q$2:$Q$333=$E16)+(Sheet1!$Q$2:$Q$333=$E17)+(Sheet1!$Q$2:$Q$333=$E18),""),4)="POST",CONCATENATE(_xlfn._xlws.FILTER(Sheet1!$A$2:$A$333,(Sheet1!$Q$2:$Q$333=$E16)+(Sheet1!$Q$2:$Q$333=$E17)+(Sheet1!$Q$2:$Q$333=$E18),""),"-","POST"),_xlfn._xlws.FILTER(Sheet1!$A$2:$A$333,(Sheet1!$Q$2:$Q$333=$E16)+(Sheet1!$Q$2:$Q$333=$E17)+(Sheet1!$Q$2:$Q$333=$E18),"UNFILLED"))} -> WIMMER, CHRISTOPHER | M16: {=IF(RIGHT(_xlfn._xlws.FILTER(Sheet1!$S$2:$S$333,(Sheet1!$S$2:$S$333=$E16)+(Sheet1!$S$2:$S$333=$E17)+(Sheet1!$S$2:$S$333=$E18),""),4)="POST",CONCATENATE(_xlfn._xlws.FILTER(Sheet1!$A$2:$A$333,(Sheet1!$S$2:$S$333=$E16)+(Sheet1!$S$2:$S$333=$E17)+(Sheet1!$S$2:$S$333=$E18),""),"-","POST"),_xlfn._xlws.FILTER(Sheet1!$A$2:$A$333,(Sheet1!$S$2:$S$333=$E16)+(Sheet1!$S$2:$S$333=$E17)+(Sheet1!$S$2:$S$333=$E18),"UNFILLED"))} -> WIMMER, CHRISTOPHER
E17: =_xlfn.CONCAT(E16,"-","POST") -> DH-1-POST
E18: =_xlfn.CONCAT(E16,"-","PILOT") -> DH-1-PILOT
E19: AL-1 | F19: AL - ALLEGHENY | G19: {=IF(RIGHT(_xlfn._xlws.FILTER(Sheet1!$G$2:$G$333,(Sheet1!$G$2:$G$333=$E19)+(Sheet1!$G$2:$G$333=$E20)+(Sheet1!$G$2:$G$333=$E21),""),4)="POST",CONCATENATE(_xlfn._xlws.FILTER(Sheet1!$A$2:$A$333,(Sheet1!$G$2:$G$333=$E19)+(Sheet1!$G$2:$G$333=$E20)+(Sheet1!$G$2:$G$333=$E21),""),"-","POST"),_xlfn._xlws.FILTER(Sheet1!$A$2:$A$333,(Sheet1!$G$2:$G$333=$E19)+(Sheet1!$G$2:$G$333=$E20)+(Sheet1!$G$2:$G$333=$E21),"UNFILLED"))} -> PANELLA, MICHAEL | H19: {=IF(RIGHT(_xlfn._xlws.FILTER(Sheet1!$I$2:$I$333,(Sheet1!$I$2:$I$333=$E19)+(Sheet1!$I$2:$I$333=$E20)+(Sheet1!$I$2:$I$333=$E21),""),4)="POST",CONCATENATE(_xlfn._xlws.FILTER(Sheet1!$A$2:$A$333,(Sheet1!$I$2:$I$333=$E19)+(Sheet1!$I$2:$I$333=$E20)+(Sheet1!$I$2:$I$333=$E21),""),"-","POST"),_xlfn._xlws.FILTER(Sheet1!$A$2:$A$333,(Sheet1!$I$2:$I$333=$E19)+(Sheet1!$I$2:$I$333=$E20)+(Sheet1!$I$2:$I$333=$E21),"UNFILLED"))} -> PIFER, BRIAN | I19: {=IF(RIGHT(_xlfn._xlws.FILTER(Sheet1!$K$2:$K$333,(Sheet1!$K$2:$K$333=$E19)+(Sheet1!$K$2:$K$333=$E20)+(Sheet1!$K$2:$K$333=$E21),""),4)="POST",CONCATENATE(_xlfn._xlws.FILTER(Sheet1!$A$2:$A$333,(Sheet1!$K$2:$K$333=$E19)+(Sheet1!$K$2:$K$333=$E20)+(Sheet1!$K$2:$K$333=$E21),""),"-","POST"),_xlfn._xlws.FILTER(Sheet1!$A$2:$A$333,(Sheet1!$K$2:$K$333=$E19)+(Sheet1!$K$2:$K$333=$E20)+(Sheet1!$K$2:$K$333=$E21),"UNFILLED"))} -> PIFER, BRIAN | J19: {=IF(RIGHT(_xlfn._xlws.FILTER(Sheet1!M$2:M$333,(Sheet1!M$2:M$333=$E19)+(Sheet1!M$2:M$333=$E20)+(Sheet1!M$2:M$333=$E21),""),4)="POST",CONCATENATE(_xlfn._xlws.FILTER(Sheet1!$A$2:$A$333,(Sheet1!M$2:M$333=$E19)+(Sheet1!M$2:M$333=$E20)+(Sheet1!M$2:M$333=$E21),""),"-","POST"),_xlfn._xlws.FILTER(Sheet1!$A$2:$A$333,(Sheet1!M$2:M$333=$E19)+(Sheet1!M$2:M$333=$E20)+(Sheet1!M$2:M$333=$E21),"UNFILLED"))} -> THOMAS, FRANK | K19: {=IF(RIGHT(_xlfn._xlws.FILTER(Sheet1!$O$2:$O$333,(Sheet1!$O$2:$O$333=$E19)+(Sheet1!$O$2:$O$333=$E20)+(Sheet1!$O$2:$O$333=$E21),""),4)="POST",CONCATENATE(_xlfn._xlws.FILTER(Sheet1!$A$2:$A$333,(Sheet1!$O$2:$O$333=$E19)+(Sheet1!$O$2:$O$333=$E20)+(Sheet1!$O$2:$O$333=$E21),""),"-","POST"),_xlfn._xlws.FILTER(Sheet1!$A$2:$A$333,(Sheet1!$O$2:$O$333=$E19)+(Sheet1!$O$2:$O$333=$E20)+(Sheet1!$O$2:$O$333=$E21),"UNFILLED"))} -> TUCKER, JUSTIN | L19: {=IF(RIGHT(_xlfn._xlws.FILTER(Sheet1!$Q$2:$Q$333,(Sheet1!$Q$2:$Q$333=$E19)+(Sheet1!$Q$2:$Q$333=$E20)+(Sheet1!$Q$2:$Q$333=$E21),""),4)="POST",CONCATENATE(_xlfn._xlws.FILTER(Sheet1!$A$2:$A$333,(Sheet1!$Q$2:$Q$333=$E19)+(Sheet1!$Q$2:$Q$333=$E20)+(Sheet1!$Q$2:$Q$333=$E21),""),"-","POST"),_xlfn._xlws.FILTER(Sheet1!$A$2:$A$333,(Sheet1!$Q$2:$Q$333=$E19)+(Sheet1!$Q$2:$Q$333=$E20)+(Sheet1!$Q$2:$Q$333=$E21),"UNFILLED"))} -> TUCKER, JUSTIN | M19: {=IF(RIGHT(_xlfn._xlws.FILTER(Sheet1!$S$2:$S$333,(Sheet1!$S$2:$S$333=$E19)+(Sheet1!$S$2:$S$333=$E20)+(Sheet1!$S$2:$S$333=$E21),""),4)="POST",CONCATENATE(_xlfn._xlws.FILTER(Sheet1!$A$2:$A$333,(Sheet1!$S$2:$S$333=$E19)+(Sheet1!$S$2:$S$333=$E20)+(Sheet1!$S$2:$S$333=$E21),""),"-","POST"),_xlfn._xlws.FILTER(Sheet1!$A$2:$A$333,(Sheet1!$S$2:$S$333=$E19)+(Sheet1!$S$2:$S$333=$E20)+(Sheet1!$S$2:$S$333=$E21),"UNFILLED"))} -> PANELLA, MICHAEL
E20: =_xlfn.CONCAT(E19,"-","POST") -> AL-1-POST
E21: =_xlfn.CONCAT(E19,"-","PILOT") -> AL-1-PILOT
E22: CT-1 | F22: CT - CONWAY TERMINAL | G22: {=IF(RIGHT(_xlfn._xlws.FILTER(Sheet1!$G$2:$G$333,(Sheet1!$G$2:$G$333=$E22)+(Sheet1!$G$2:$G$333=$E23)+(Sheet1!$G$2:$G$333=$E24),""),4)="POST",CONCATENATE(_xlfn._xlws.FILTER(Sheet1!$A$2:$A$333,(Sheet1!$G$2:$G$333=$E22)+(Sheet1!$G$2:$G$333=$E23)+(Sheet1!$G$2:$G$333=$E24),""),"-","POST"),_xlfn._xlws.FILTER(Sheet1!$A$2:$A$333,(Sheet1!$G$2:$G$333=$E22)+(Sheet1!$G$2:$G$333=$E23)+(Sheet1!$G$2:$G$333=$E24),"UNFILLED"))} -> REYNOLDS, RO | H22: {=IF(RIGHT(_xlfn._xlws.FILTER(Sheet1!$I$2:$I$333,(Sheet1!$I$2:$I$333=$E22)+(Sheet1!$I$2:$I$333=$E23)+(Sheet1!$I$2:$I$333=$E24),""),4)="POST",CONCATENATE(_xlfn._xlws.FILTER(Sheet1!$A$2:$A$333,(Sheet1!$I$2:$I$333=$E22)+(Sheet1!$I$2:$I$333=$E23)+(Sheet1!$I$2:$I$333=$E24),""),"-","POST"),_xlfn._xlws.FILTER(Sheet1!$A$2:$A$333,(Sheet1!$I$2:$I$333=$E22)+(Sheet1!$I$2:$I$333=$E23)+(Sheet1!$I$2:$I$333=$E24),"UNFILLED"))} -> REYNOLDS, RO | I22: {=IF(RIGHT(_xlfn._xlws.FILTER(Sheet1!$K$2:$K$333,(Sheet1!$K$2:$K$333=$E22)+(Sheet1!$K$2:$K$333=$E23)+(Sheet1!$K$2:$K$333=$E24),""),4)="POST",CONCATENATE(_xlfn._xlws.FILTER(Sheet1!$A$2:$A$333,(Sheet1!$K$2:$K$333=$E22)+(Sheet1!$K$2:$K$333=$E23)+(Sheet1!$K$2:$K$333=$E24),""),"-","POST"),_xlfn._xlws.FILTER(Sheet1!$A$2:$A$333,(Sheet1!$K$2:$K$333=$E22)+(Sheet1!$K$2:$K$333=$E23)+(Sheet1!$K$2:$K$333=$E24),"UNFILLED"))} -> GEE, ASHLEY-POST | J22: {=IF(RIGHT(_xlfn._xlws.FILTER(Sheet1!M$2:M$333,(Sheet1!M$2:M$333=$E22)+(Sheet1!M$2:M$333=$E23)+(Sheet1!M$2:M$333=$E24),""),4)="POST",CONCATENATE(_xlfn._xlws.FILTER(Sheet1!$A$2:$A$333,(Sheet1!M$2:M$333=$E22)+(Sheet1!M$2:M$333=$E23)+(Sheet1!M$2:M$333=$E24),""),"-","POST"),_xlfn._xlws.FILTER(Sheet1!$A$2:$A$333,(Sheet1!M$2:M$333=$E22)+(Sheet1!M$2:M$333=$E23)+(Sheet1!M$2:M$333=$E24),"UNFILLED"))} -> GEE, ASHLEY-POST | K22: {=IF(RIGHT(_xlfn._xlws.FILTER(Sheet1!$O$2:$O$333,(Sheet1!$O$2:$O$333=$E22)+(Sheet1!$O$2:$O$333=$E23)+(Sheet1!$O$2:$O$333=$E24),""),4)="POST",CONCATENATE(_xlfn._xlws.FILTER(Sheet1!$A$2:$A$333,(Sheet1!$O$2:$O$333=$E22)+(Sheet1!$O$2:$O$333=$E23)+(Sheet1!$O$2:$O$333=$E24),""),"-","POST"),_xlfn._xlws.FILTER(Sheet1!$A$2:$A$333,(Sheet1!$O$2:$O$333=$E22)+(Sheet1!$O$2:$O$333=$E23)+(Sheet1!$O$2:$O$333=$E24),"UNFILLED"))} -> GEE, ASHLEY-POST | L22: {=IF(RIGHT(_xlfn._xlws.FILTER(Sheet1!$Q$2:$Q$333,(Sheet1!$Q$2:$Q$333=$E22)+(Sheet1!$Q$2:$Q$333=$E23)+(Sheet1!$Q$2:$Q$333=$E24),""),4)="POST",CONCATENATE(_xlfn._xlws.FILTER(Sheet1!$A$2:$A$333,(Sheet1!$Q$2:$Q$333=$E22)+(Sheet1!$Q$2:$Q$333=$E23)+(Sheet1!$Q$2:$Q$333=$E24),""),"-","POST"),_xlfn._xlws.FILTER(Sheet1!$A$2:$A$333,(Sheet1!$Q$2:$Q$333=$E22)+(Sheet1!$Q$2:$Q$333=$E23)+(Sheet1!$Q$2:$Q$333=$E24),"UNFILLED"))} -> GEE, ASHLEY-POST | M22: {=IF(RIGHT(_xlfn._xlws.FILTER(Sheet1!$S$2:$S$333,(Sheet1!$S$2:$S$333=$E22)+(Sheet1!$S$2:$S$333=$E23)+(Sheet1!$S$2:$S$333=$E24),""),4)="POST",CONCATENATE(_xlfn._xlws.FILTER(Sheet1!$A$2:$A$333,(Sheet1!$S$2:$S$333=$E22)+(Sheet1!$S$2:$S$333=$E23)+(Sheet1!$S$2:$S$333=$E24),""),"-","POST"),_xlfn._xlws.FILTER(Sheet1!$A$2:$A$333,(Sheet1!$S$2:$S$333=$E22)+(Sheet1!$S$2:$S$333=$E23)+(Sheet1!$S$2:$S$333=$E24),"UNFILLED"))} -> GEE, ASHLEY-POST
E23: =_xlfn.CONCAT(E22,"-","POST") -> CT-1-POST | I23: RITCHIE, MIKE | J23: HARP, KEENAN | K23: RITCHIE, MIKE | L23: RITCHIE, MIKE | M23: RITCHIE, MIKE
E24: =_xlfn.CONCAT(E22,"-","PILOT") -> CT-1-PILOT
E25: PE-1 | F25: PE - PITTSBURGH EAST | G25: {=IF(RIGHT(_xlfn._xlws.FILTER(Sheet1!$G$2:$G$333,(Sheet1!$G$2:$G$333=$E25)+(Sheet1!$G$2:$G$333=$E26)+(Sheet1!$G$2:$G$333=$E27),""),4)="POST",CONCATENATE(_xlfn._xlws.FILTER(Sheet1!$A$2:$A$333,(Sheet1!$G$2:$G$333=$E25)+(Sheet1!$G$2:$G$333=$E26)+(Sheet1!$G$2:$G$333=$E27),""),"-","POST"),_xlfn._xlws.FILTER(Sheet1!$A$2:$A$333,(Sheet1!$G$2:$G$333=$E25)+(Sheet1!$G$2:$G$333=$E26)+(Sheet1!$G$2:$G$333=$E27),"UNFILLED"))} -> FERGUSON, CRAIG | H25: {=IF(RIGHT(_xlfn._xlws.FILTER(Sheet1!$I$2:$I$333,(Sheet1!$I$2:$I$333=$E25)+(Sheet1!$I$2:$I$333=$E26)+(Sheet1!$I$2:$I$333=$E27),""),4)="POST",CONCATENATE(_xlfn._xlws.FILTER(Sheet1!$A$2:$A$333,(Sheet1!$I$2:$I$333=$E25)+(Sheet1!$I$2:$I$333=$E26)+(Sheet1!$I$2:$I$333=$E27),""),"-","POST"),_xlfn._xlws.FILTER(Sheet1!$A$2:$A$333,(Sheet1!$I$2:$I$333=$E25)+(Sheet1!$I$2:$I$333=$E26)+(Sheet1!$I$2:$I$333=$E27),"UNFILLED"))} -> LUTERAN, COREY | I25: {=IF(RIGHT(_xlfn._xlws.FILTER(Sheet1!$K$2:$K$333,(Sheet1!$K$2:$K$333=$E25)+(Sheet1!$K$2:$K$333=$E26)+(Sheet1!$K$2:$K$333=$E27),""),4)="POST",CONCATENATE(_xlfn._xlws.FILTER(Sheet1!$A$2:$A$333,(Sheet1!$K$2:$K$333=$E25)+(Sheet1!$K$2:$K$333=$E26)+(Sheet1!$K$2:$K$333=$E27),""),"-","POST"),_xlfn._xlws.FILTER(Sheet1!$A$2:$A$333,(Sheet1!$K$2:$K$333=$E25)+(Sheet1!$K$2:$K$333=$E26)+(Sheet1!$K$2:$K$333=$E27),"UNFILLED"))} -> LUTERAN, COREY | J25: {=IF(RIGHT(_xlfn._xlws.FILTER(Sheet1!M$2:M$333,(Sheet1!M$2:M$333=$E25)+(Sheet1!M$2:M$333=$E26)+(Sheet1!M$2:M$333=$E27),""),4)="POST",CONCATENATE(_xlfn._xlws.FILTER(Sheet1!$A$2:$A$333,(Sheet1!M$2:M$333=$E25)+(Sheet1!M$2:M$333=$E26)+(Sheet1!M$2:M$333=$E27),""),"-","POST"),_xlfn._xlws.FILTER(Sheet1!$A$2:$A$333,(Sheet1!M$2:M$333=$E25)+(Sheet1!M$2:M$333=$E26)+(Sheet1!M$2:M$333=$E27),"UNFILLED"))} -> LUTERAN, COREY | K25: {=IF(RIGHT(_xlfn._xlws.FILTER(Sheet1!$O$2:$O$333,(Sheet1!$O$2:$O$333=$E25)+(Sheet1!$O$2:$O$333=$E26)+(Sheet1!$O$2:$O$333=$E27),""),4)="POST",CONCATENATE(_xlfn._xlws.FILTER(Sheet1!$A$2:$A$333,(Sheet1!$O$2:$O$333=$E25)+(Sheet1!$O$2:$O$333=$E26)+(Sheet1!$O$2:$O$333=$E27),""),"-","POST"),_xlfn._xlws.FILTER(Sheet1!$A$2:$A$333,(Sheet1!$O$2:$O$333=$E25)+(Sheet1!$O$2:$O$333=$E26)+(Sheet1!$O$2:$O$333=$E27),"UNFILLED"))} -> LUTERAN, COREY | L25: {=IF(RIGHT(_xlfn._xlws.FILTER(Sheet1!$Q$2:$Q$333,(Sheet1!$Q$2:$Q$333=$E25)+(Sheet1!$Q$2:$Q$333=$E26)+(Sheet1!$Q$2:$Q$333=$E27),""),4)="POST",CONCATENATE(_xlfn._xlws.FILTER(Sheet1!$A$2:$A$333,(Sheet1!$Q$2:$Q$333=$E25)+(Sheet1!$Q$2:$Q$333=$E26)+(Sheet1!$Q$2:$Q$333=$E27),""),"-","POST"),_xlfn._xlws.FILTER(Sheet1!$A$2:$A$333,(Sheet1!$Q$2:$Q$333=$E25)+(Sheet1!$Q$2:$Q$333=$E26)+(Sheet1!$Q$2:$Q$333=$E27),"UNFILLED"))} -> LUTERAN, COREY | M25: {=IF(RIGHT(_xlfn._xlws.FILTER(Sheet1!$S$2:$S$333,(Sheet1!$S$2:$S$333=$E25)+(Sheet1!$S$2:$S$333=$E26)+(Sheet1!$S$2:$S$333=$E27),""),4)="POST",CONCATENATE(_xlfn._xlws.FILTER(Sheet1!$A$2:$A$333,(Sheet1!$S$2:$S$333=$E25)+(Sheet1!$S$2:$S$333=$E26)+(Sheet1!$S$2:$S$333=$E27),""),"-","POST"),_xlfn._xlws.FILTER(Sheet1!$A$2:$A$333,(Sheet1!$S$2:$S$333=$E25)+(Sheet1!$S$2:$S$333=$E26)+(Sheet1!$S$2:$S$333=$E27),"UNFILLED"))} -> MALCOLM, JOSH
E26: =_xlfn.CONCAT(E25,"-","POST") -> PE-1-POST
E27: =_xlfn.CONCAT(E25,"-","PILOT") -> PE-1-PILOT
E28: MV-1 | F28: MV - MON VALLEY | G28: {=IF(RIGHT(_xlfn._xlws.FILTER(Sheet1!$G$2:$G$333,(Sheet1!$G$2:$G$333=$E28)+(Sheet1!$G$2:$G$333=$E29)+(Sheet1!$G$2:$G$333=$E30),""),4)="POST",CONCATENATE(_xlfn._xlws.FILTER(Sheet1!$A$2:$A$333,(Sheet1!$G$2:$G$333=$E28)+(Sheet1!$G$2:$G$333=$E29)+(Sheet1!$G$2:$G$333=$E30),""),"-","POST"),_xlfn._xlws.FILTER(Sheet1!$A$2:$A$333,(Sheet1!$G$2:$G$333=$E28)+(Sheet1!$G$2:$G$333=$E29)+(Sheet1!$G$2:$G$333=$E30),"UNFILLED"))} -> BAUMAN, BRENT | H28: {=IF(RIGHT(_xlfn._xlws.FILTER(Sheet1!$I$2:$I$333,(Sheet1!$I$2:$I$333=$E28)+(Sheet1!$I$2:$I$333=$E29)+(Sheet1!$I$2:$I$333=$E30),""),4)="POST",CONCATENATE(_xlfn._xlws.FILTER(Sheet1!$A$2:$A$333,(Sheet1!$I$2:$I$333=$E28)+(Sheet1!$I$2:$I$333=$E29)+(Sheet1!$I$2:$I$333=$E30),""),"-","POST"),_xlfn._xlws.FILTER(Sheet1!$A$2:$A$333,(Sheet1!$I$2:$I$333=$E28)+(Sheet1!$I$2:$I$333=$E29)+(Sheet1!$I$2:$I$333=$E30),"UNFILLED"))} -> BAUMAN, BRENT | I28: {=IF(RIGHT(_xlfn._xlws.FILTER(Sheet1!$K$2:$K$333,(Sheet1!$K$2:$K$333=$E28)+(Sheet1!$K$2:$K$333=$E29)+(Sheet1!$K$2:$K$333=$E30),""),4)="POST",CONCATENATE(_xlfn._xlws.FILTER(Sheet1!$A$2:$A$333,(Sheet1!$K$2:$K$333=$E28)+(Sheet1!$K$2:$K$333=$E29)+(Sheet1!$K$2:$K$333=$E30),""),"-","POST"),_xlfn._xlws.FILTER(Sheet1!$A$2:$A$333,(Sheet1!$K$2:$K$333=$E28)+(Sheet1!$K$2:$K$333=$E29)+(Sheet1!$K$2:$K$333=$E30),"UNFILLED"))} -> HARP, KEENAN | J28: {=IF(RIGHT(_xlfn._xlws.FILTER(Sheet1!M$2:M$333,(Sheet1!M$2:M$333=$E28)+(Sheet1!M$2:M$333=$E29)+(Sheet1!M$2:M$333=$E30),""),4)="POST",CONCATENATE(_xlfn._xlws.FILTER(Sheet1!$A$2:$A$333,(Sheet1!M$2:M$333=$E28)+(Sheet1!M$2:M$333=$E29)+(Sheet1!M$2:M$333=$E30),""),"-","POST"),_xlfn._xlws.FILTER(Sheet1!$A$2:$A$333,(Sheet1!M$2:M$333=$E28)+(Sheet1!M$2:M$333=$E29)+(Sheet1!M$2:M$333=$E30),"UNFILLED"))} -> SLANEY, MATTHEW | K28: {=IF(RIGHT(_xlfn._xlws.FILTER(Sheet1!$O$2:$O$333,(Sheet1!$O$2:$O$333=$E28)+(Sheet1!$O$2:$O$333=$E29)+(Sheet1!$O$2:$O$333=$E30),""),4)="POST",CONCATENATE(_xlfn._xlws.FILTER(Sheet1!$A$2:$A$333,(Sheet1!$O$2:$O$333=$E28)+(Sheet1!$O$2:$O$333=$E29)+(Sheet1!$O$2:$O$333=$E30),""),"-","POST"),_xlfn._xlws.FILTER(Sheet1!$A$2:$A$333,(Sheet1!$O$2:$O$333=$E28)+(Sheet1!$O$2:$O$333=$E29)+(Sheet1!$O$2:$O$333=$E30),"UNFILLED"))} -> BAUMAN, BRENT | L28: {=IF(RIGHT(_xlfn._xlws.FILTER(Sheet1!$Q$2:$Q$333,(Sheet1!$Q$2:$Q$333=$E28)+(Sheet1!$Q$2:$Q$333=$E29)+(Sheet1!$Q$2:$Q$333=$E30),""),4)="POST",CONCATENATE(_xlfn._xlws.FILTER(Sheet1!$A$2:$A$333,(Sheet1!$Q$2:$Q$333=$E28)+(Sheet1!$Q$2:$Q$333=$E29)+(Sheet1!$Q$2:$Q$333=$E30),""),"-","POST"),_xlfn._xlws.FILTER(Sheet1!$A$2:$A$333,(Sheet1!$Q$2:$Q$333=$E28)+(Sheet1!$Q$2:$Q$333=$E29)+(Sheet1!$Q$2:$Q$333=$E30),"UNFILLED"))} -> BAUMAN, BRENT | M28: {=IF(RIGHT(_xlfn._xlws.FILTER(Sheet1!$S$2:$S$333,(Sheet1!$S$2:$S$333=$E28)+(Sheet1!$S$2:$S$333=$E29)+(Sheet1!$S$2:$S$333=$E30),""),4)="POST",CONCATENATE(_xlfn._xlws.FILTER(Sheet1!$A$2:$A$333,(Sheet1!$S$2:$S$333=$E28)+(Sheet1!$S$2:$S$333=$E29)+(Sheet1!$S$2:$S$333=$E30),""),"-","POST"),_xlfn._xlws.FILTER(Sheet1!$A$2:$A$333,(Sheet1!$S$2:$S$333=$E28)+(Sheet1!$S$2:$S$333=$E29)+(Sheet1!$S$2:$S$333=$E30),"UNFILLED"))} -> BAUMAN, BRENT
E29: =_xlfn.CONCAT(E28,"-","POST") -> MV-1-POST
E30: =_xlfn.CONCAT(E28,"-","PILOT") -> MV-1-PILOT
E31: CE-1 | F31: CE - CLEVELAND EAST | G31: {=IF(RIGHT(_xlfn._xlws.FILTER(Sheet1!$G$2:$G$333,(Sheet1!$G$2:$G$333=$E31)+(Sheet1!$G$2:$G$333=$E32)+(Sheet1!$G$2:$G$333=$E33),""),4)="POST",CONCATENATE(_xlfn._xlws.FILTER(Sheet1!$A$2:$A$333,(Sheet1!$G$2:$G$333=$E31)+(Sheet1!$G$2:$G$333=$E32)+(Sheet1!$G$2:$G$333=$E33),""),"-","POST"),_xlfn._xlws.FILTER(Sheet1!$A$2:$A$333,(Sheet1!$G$2:$G$333=$E31)+(Sheet1!$G$2:$G$333=$E32)+(Sheet1!$G$2:$G$333=$E33),"UNFILLED"))} -> FLEITES, FRANK | H31: {=IF(RIGHT(_xlfn._xlws.FILTER(Sheet1!$I$2:$I$333,(Sheet1!$I$2:$I$333=$E31)+(Sheet1!$I$2:$I$333=$E32)+(Sheet1!$I$2:$I$333=$E33),""),4)="POST",CONCATENATE(_xlfn._xlws.FILTER(Sheet1!$A$2:$A$333,(Sheet1!$I$2:$I$333=$E31)+(Sheet1!$I$2:$I$333=$E32)+(Sheet1!$I$2:$I$333=$E33),""),"-","POST"),_xlfn._xlws.FILTER(Sheet1!$A$2:$A$333,(Sheet1!$I$2:$I$333=$E31)+(Sheet1!$I$2:$I$333=$E32)+(Sheet1!$I$2:$I$333=$E33),"UNFILLED"))} -> FLEITES, FRANK | I31: {=IF(RIGHT(_xlfn._xlws.FILTER(Sheet1!$K$2:$K$333,(Sheet1!$K$2:$K$333=$E31)+(Sheet1!$K$2:$K$333=$E32)+(Sheet1!$K$2:$K$333=$E33),""),4)="POST",CONCATENATE(_xlfn._xlws.FILTER(Sheet1!$A$2:$A$333,(Sheet1!$K$2:$K$333=$E31)+(Sheet1!$K$2:$K$333=$E32)+(Sheet1!$K$2:$K$333=$E33),""),"-","POST"),_xlfn._xlws.FILTER(Sheet1!$A$2:$A$333,(Sheet1!$K$2:$K$333=$E31)+(Sheet1!$K$2:$K$333=$E32)+(Sheet1!$K$2:$K$333=$E33),"UNFILLED"))} -> DEJESUS, DAVE | J31: {=IF(RIGHT(_xlfn._xlws.FILTER(Sheet1!M$2:M$333,(Sheet1!M$2:M$333=$E31)+(Sheet1!M$2:M$333=$E32)+(Sheet1!M$2:M$333=$E33),""),4)="POST",CONCATENATE(_xlfn._xlws.FILTER(Sheet1!$A$2:$A$333,(Sheet1!M$2:M$333=$E31)+(Sheet1!M$2:M$333=$E32)+(Sheet1!M$2:M$333=$E33),""),"-","POST"),_xlfn._xlws.FILTER(Sheet1!$A$2:$A$333,(Sheet1!M$2:M$333=$E31)+(Sheet1!M$2:M$333=$E32)+(Sheet1!M$2:M$333=$E33),"UNFILLED"))} -> DEJESUS, DAVE | K31: {=IF(RIGHT(_xlfn._xlws.FILTER(Sheet1!$O$2:$O$333,(Sheet1!$O$2:$O$333=$E31)+(Sheet1!$O$2:$O$333=$E32)+(Sheet1!$O$2:$O$333=$E33),""),4)="POST",CONCATENATE(_xlfn._xlws.FILTER(Sheet1!$A$2:$A$333,(Sheet1!$O$2:$O$333=$E31)+(Sheet1!$O$2:$O$333=$E32)+(Sheet1!$O$2:$O$333=$E33),""),"-","POST"),_xlfn._xlws.FILTER(Sheet1!$A$2:$A$333,(Sheet1!$O$2:$O$333=$E31)+(Sheet1!$O$2:$O$333=$E32)+(Sheet1!$O$2:$O$333=$E33),"UNFILLED"))} -> DEJESUS, DAVE | L31: {=IF(RIGHT(_xlfn._xlws.FILTER(Sheet1!$Q$2:$Q$333,(Sheet1!$Q$2:$Q$333=$E31)+(Sheet1!$Q$2:$Q$333=$E32)+(Sheet1!$Q$2:$Q$333=$E33),""),4)="POST",CONCATENATE(_xlfn._xlws.FILTER(Sheet1!$A$2:$A$333,(Sheet1!$Q$2:$Q$333=$E31)+(Sheet1!$Q$2:$Q$333=$E32)+(Sheet1!$Q$2:$Q$333=$E33),""),"-","POST"),_xlfn._xlws.FILTER(Sheet1!$A$2:$A$333,(Sheet1!$Q$2:$Q$333=$E31)+(Sheet1!$Q$2:$Q$333=$E32)+(Sheet1!$Q$2:$Q$333=$E33),"UNFILLED"))} -> DEJESUS, DAVE | M31: {=IF(RIGHT(_xlfn._xlws.FILTER(Sheet1!$S$2:$S$333,(Sheet1!$S$2:$S$333=$E31)+(Sheet1!$S$2:$S$333=$E32)+(Sheet1!$S$2:$S$333=$E33),""),4)="POST",CONCATENATE(_xlfn._xlws.FILTER(Sheet1!$A$2:$A$333,(Sheet1!$S$2:$S$333=$E31)+(Sheet1!$S$2:$S$333=$E32)+(Sheet1!$S$2:$S$333=$E33),""),"-","POST"),_xlfn._xlws.FILTER(Sheet1!$A$2:$A$333,(Sheet1!$S$2:$S$333=$E31)+(Sheet1!$S$2:$S$333=$E32)+(Sheet1!$S$2:$S$333=$E33),"UNFILLED"))} -> DEJESUS, DAVE
E32: =_xlfn.CONCAT(E31,"-","POST") -> CE-1-POST
E33: =_xlfn.CONCAT(E31,"-","PILOT") -> CE-1-PILOT
F34: GREATLAKES
E35: CD-1 | F35: CD - CHICAGO TERMINAL | G35: {=IF(RIGHT(_xlfn._xlws.FILTER(Sheet1!$G$2:$G$333,(Sheet1!$G$2:$G$333=$E35)+(Sheet1!$G$2:$G$333=$E36)+(Sheet1!$G$2:$G$333=$E37),""),4)="POST",CONCATENATE(_xlfn._xlws.FILTER(Sheet1!$A$2:$A$333,(Sheet1!$G$2:$G$333=$E35)+(Sheet1!$G$2:$G$333=$E36)+(Sheet1!$G$2:$G$333=$E37),""),"-","POST"),_xlfn._xlws.FILTER(Sheet1!$A$2:$A$333,(Sheet1!$G$2:$G$333=$E35)+(Sheet1!$G$2:$G$333=$E36)+(Sheet1!$G$2:$G$333=$E37),"UNFILLED"))} -> BOUCHARD, SHARLIE | H35: {=IF(RIGHT(_xlfn._xlws.FILTER(Sheet1!$I$2:$I$333,(Sheet1!$I$2:$I$333=$E35)+(Sheet1!$I$2:$I$333=$E36)+(Sheet1!$I$2:$I$333=$E37),""),4)="POST",CONCATENATE(_xlfn._xlws.FILTER(Sheet1!$A$2:$A$333,(Sheet1!$I$2:$I$333=$E35)+(Sheet1!$I$2:$I$333=$E36)+(Sheet1!$I$2:$I$333=$E37),""),"-","POST"),_xlfn._xlws.FILTER(Sheet1!$A$2:$A$333,(Sheet1!$I$2:$I$333=$E35)+(Sheet1!$I$2:$I$333=$E36)+(Sheet1!$I$2:$I$333=$E37),"UNFILLED"))} -> CLUBBS, DARIN | I35: {=IF(RIGHT(_xlfn._xlws.FILTER(Sheet1!$K$2:$K$333,(Sheet1!$K$2:$K$333=$E35)+(Sheet1!$K$2:$K$333=$E36)+(Sheet1!$K$2:$K$333=$E37),""),4)="POST",CONCATENATE(_xlfn._xlws.FILTER(Sheet1!$A$2:$A$333,(Sheet1!$K$2:$K$333=$E35)+(Sheet1!$K$2:$K$333=$E36)+(Sheet1!$K$2:$K$333=$E37),""),"-","POST"),_xlfn._xlws.FILTER(Sheet1!$A$2:$A$333,(Sheet1!$K$2:$K$333=$E35)+(Sheet1!$K$2:$K$333=$E36)+(Sheet1!$K$2:$K$333=$E37),"UNFILLED"))} -> CLUBBS, DARIN | J35: {=IF(RIGHT(_xlfn._xlws.FILTER(Sheet1!M$2:M$333,(Sheet1!M$2:M$333=$E35)+(Sheet1!M$2:M$333=$E36)+(Sheet1!M$2:M$333=$E37),""),4)="POST",CONCATENATE(_xlfn._xlws.FILTER(Sheet1!$A$2:$A$333,(Sheet1!M$2:M$333=$E35)+(Sheet1!M$2:M$333=$E36)+(Sheet1!M$2:M$333=$E37),""),"-","POST"),_xlfn._xlws.FILTER(Sheet1!$A$2:$A$333,(Sheet1!M$2:M$333=$E35)+(Sheet1!M$2:M$333=$E36)+(Sheet1!M$2:M$333=$E37),"UNFILLED"))} -> CLUBBS, DARIN | K35: {=IF(RIGHT(_xlfn._xlws.FILTER(Sheet1!$O$2:$O$333,(Sheet1!$O$2:$O$333=$E35)+(Sheet1!$O$2:$O$333=$E36)+(Sheet1!$O$2:$O$333=$E37),""),4)="POST",CONCATENATE(_xlfn._xlws.FILTER(Sheet1!$A$2:$A$333,(Sheet1!$O$2:$O$333=$E35)+(Sheet1!$O$2:$O$333=$E36)+(Sheet1!$O$2:$O$333=$E37),""),"-","POST"),_xlfn._xlws.FILTER(Sheet1!$A$2:$A$333,(Sheet1!$O$2:$O$333=$E35)+(Sheet1!$O$2:$O$333=$E36)+(Sheet1!$O$2:$O$333=$E37),"UNFILLED"))} -> CLUBBS, DARIN | L35: {=IF(RIGHT(_xlfn._xlws.FILTER(Sheet1!$Q$2:$Q$333,(Sheet1!$Q$2:$Q$333=$E35)+(Sheet1!$Q$2:$Q$333=$E36)+(Sheet1!$Q$2:$Q$333=$E37),""),4)="POST",CONCATENATE(_xlfn._xlws.FILTER(Sheet1!$A$2:$A$333,(Sheet1!$Q$2:$Q$333=$E35)+(Sheet1!$Q$2:$Q$333=$E36)+(Sheet1!$Q$2:$Q$333=$E37),""),"-","POST"),_xlfn._xlws.FILTER(Sheet1!$A$2:$A$333,(Sheet1!$Q$2:$Q$333=$E35)+(Sheet1!$Q$2:$Q$333=$E36)+(Sheet1!$Q$2:$Q$333=$E37),"UNFILLED"))} -> CLUBBS, DARIN | M35: {=IF(RIGHT(_xlfn._xlws.FILTER(Sheet1!$S$2:$S$333,(Sheet1!$S$2:$S$333=$E35)+(Sheet1!$S$2:$S$333=$E36)+(Sheet1!$S$2:$S$333=$E37),""),4)="POST",CONCATENATE(_xlfn._xlws.FILTER(Sheet1!$A$2:$A$333,(Sheet1!$S$2:$S$333=$E35)+(Sheet1!$S$2:$S$333=$E36)+(Sheet1!$S$2:$S$333=$E37),""),"-","POST"),_xlfn._xlws.FILTER(Sheet1!$A$2:$A$333,(Sheet1!$S$2:$S$333=$E35)+(Sheet1!$S$2:$S$333=$E36)+(Sheet1!$S$2:$S$333=$E37),"UNFILLED"))} -> MCGOLDRICK, MATT
E36: =_xlfn.CONCAT(E35,"-","POST") -> CD-1-POST
E37: =_xlfn.CONCAT(E35,"-","PILOT") -> CD-1-PILOT
E38: EL-1 | F38: EL - ELKHART | G38: {=IF(RIGHT(_xlfn._xlws.FILTER(Sheet1!$G$2:$G$333,(Sheet1!$G$2:$G$333=$E38)+(Sheet1!$G$2:$G$333=$E39)+(Sheet1!$G$2:$G$333=$E40),""),4)="POST",CONCATENATE(_xlfn._xlws.FILTER(Sheet1!$A$2:$A$333,(Sheet1!$G$2:$G$333=$E38)+(Sheet1!$G$2:$G$333=$E39)+(Sheet1!$G$2:$G$333=$E40),""),"-","POST"),_xlfn._xlws.FILTER(Sheet1!$A$2:$A$333,(Sheet1!$G$2:$G$333=$E38)+(Sheet1!$G$2:$G$333=$E39)+(Sheet1!$G$2:$G$333=$E40),"UNFILLED"))} -> ROBERTS, KIRVIN | H38: {=IF(RIGHT(_xlfn._xlws.FILTER(Sheet1!$I$2:$I$333,(Sheet1!$I$2:$I$333=$E38)+(Sheet1!$I$2:$I$333=$E39)+(Sheet1!$I$2:$I$333=$E40),""),4)="POST",CONCATENATE(_xlfn._xlws.FILTER(Sheet1!$A$2:$A$333,(Sheet1!$I$2:$I$333=$E38)+(Sheet1!$I$2:$I$333=$E39)+(Sheet1!$I$2:$I$333=$E40),""),"-","POST"),_xlfn._xlws.FILTER(Sheet1!$A$2:$A$333,(Sheet1!$I$2:$I$333=$E38)+(Sheet1!$I$2:$I$333=$E39)+(Sheet1!$I$2:$I$333=$E40),"UNFILLED"))} -> ROBERTS, KIRVIN | I38: {=IF(RIGHT(_xlfn._xlws.FILTER(Sheet1!$K$2:$K$333,(Sheet1!$K$2:$K$333=$E38)+(Sheet1!$K$2:$K$333=$E39)+(Sheet1!$K$2:$K$333=$E40),""),4)="POST",CONCATENATE(_xlfn._xlws.FILTER(Sheet1!$A$2:$A$333,(Sheet1!$K$2:$K$333=$E38)+(Sheet1!$K$2:$K$333=$E39)+(Sheet1!$K$2:$K$333=$E40),""),"-","POST"),_xlfn._xlws.FILTER(Sheet1!$A$2:$A$333,(Sheet1!$K$2:$K$333=$E38)+(Sheet1!$K$2:$K$333=$E39)+(Sheet1!$K$2:$K$333=$E40),"UNFILLED"))} -> NEGLEY, ANTHONY | J38: {=IF(RIGHT(_xlfn._xlws.FILTER(Sheet1!M$2:M$333,(Sheet1!M$2:M$333=$E38)+(Sheet1!M$2:M$333=$E39)+(Sheet1!M$2:M$333=$E40),""),4)="POST",CONCATENATE(_xlfn._xlws.FILTER(Sheet1!$A$2:$A$333,(Sheet1!M$2:M$333=$E38)+(Sheet1!M$2:M$333=$E39)+(Sheet1!M$2:M$333=$E40),""),"-","POST"),_xlfn._xlws.FILTER(Sheet1!$A$2:$A$333,(Sheet1!M$2:M$333=$E38)+(Sheet1!M$2:M$333=$E39)+(Sheet1!M$2:M$333=$E40),"UNFILLED"))} -> NEGLEY, ANTHONY | K38: {=IF(RIGHT(_xlfn._xlws.FILTER(Sheet1!$O$2:$O$333,(Sheet1!$O$2:$O$333=$E38)+(Sheet1!$O$2:$O$333=$E39)+(Sheet1!$O$2:$O$333=$E40),""),4)="POST",CONCATENATE(_xlfn._xlws.FILTER(Sheet1!$A$2:$A$333,(Sheet1!$O$2:$O$333=$E38)+(Sheet1!$O$2:$O$333=$E39)+(Sheet1!$O$2:$O$333=$E40),""),"-","POST"),_xlfn._xlws.FILTER(Sheet1!$A$2:$A$333,(Sheet1!$O$2:$O$333=$E38)+(Sheet1!$O$2:$O$333=$E39)+(Sheet1!$O$2:$O$333=$E40),"UNFILLED"))} -> NEGLEY, ANTHONY | L38: {=IF(RIGHT(_xlfn._xlws.FILTER(Sheet1!$Q$2:$Q$333,(Sheet1!$Q$2:$Q$333=$E38)+(Sheet1!$Q$2:$Q$333=$E39)+(Sheet1!$Q$2:$Q$333=$E40),""),4)="POST",CONCATENATE(_xlfn._xlws.FILTER(Sheet1!$A$2:$A$333,(Sheet1!$Q$2:$Q$333=$E38)+(Sheet1!$Q$2:$Q$333=$E39)+(Sheet1!$Q$2:$Q$333=$E40),""),"-","POST"),_xlfn._xlws.FILTER(Sheet1!$A$2:$A$333,(Sheet1!$Q$2:$Q$333=$E38)+(Sheet1!$Q$2:$Q$333=$E39)+(Sheet1!$Q$2:$Q$333=$E40),"UNFILLED"))} -> NEGLEY, ANTHONY | M38: {=IF(RIGHT(_xlfn._xlws.FILTER(Sheet1!$S$2:$S$333,(Sheet1!$S$2:$S$333=$E38)+(Sheet1!$S$2:$S$333=$E39)+(Sheet1!$S$2:$S$333=$E40),""),4)="POST",CONCATENATE(_xlfn._xlws.FILTER(Sheet1!$A$2:$A$333,(Sheet1!$S$2:$S$333=$E38)+(Sheet1!$S$2:$S$333=$E39)+(Sheet1!$S$2:$S$333=$E40),""),"-","POST"),_xlfn._xlws.FILTER(Sheet1!$A$2:$A$333,(Sheet1!$S$2:$S$333=$E38)+(Sheet1!$S$2:$S$333=$E39)+(Sheet1!$S$2:$S$333=$E40),"UNFILLED"))} -> NEGLEY, ANTHONY
E39: =_xlfn.CONCAT(E38,"-","POST") -> EL-1-POST
E40: =_xlfn.CONCAT(E38,"-","PILOT") -> EL-1-PILOT
E41: TT-1 | F41: TT - TOLEDO TERMINAL | G41: {=IF(RIGHT(_xlfn._xlws.FILTER(Sheet1!$G$2:$G$333,(Sheet1!$G$2:$G$333=$E41)+(Sheet1!$G$2:$G$333=$E42)+(Sheet1!$G$2:$G$333=$E43),""),4)="POST",CONCATENATE(_xlfn._xlws.FILTER(Sheet1!$A$2:$A$333,(Sheet1!$G$2:$G$333=$E41)+(Sheet1!$G$2:$G$333=$E42)+(Sheet1!$G$2:$G$333=$E43),""),"-","POST"),_xlfn._xlws.FILTER(Sheet1!$A$2:$A$333,(Sheet1!$G$2:$G$333=$E41)+(Sheet1!$G$2:$G$333=$E42)+(Sheet1!$G$2:$G$333=$E43),"UNFILLED"))} -> VANNIER, RYAN | H41: {=IF(RIGHT(_xlfn._xlws.FILTER(Sheet1!$I$2:$I$333,(Sheet1!$I$2:$I$333=$E41)+(Sheet1!$I$2:$I$333=$E42)+(Sheet1!$I$2:$I$333=$E43),""),4)="POST",CONCATENATE(_xlfn._xlws.FILTER(Sheet1!$A$2:$A$333,(Sheet1!$I$2:$I$333=$E41)+(Sheet1!$I$2:$I$333=$E42)+(Sheet1!$I$2:$I$333=$E43),""),"-","POST"),_xlfn._xlws.FILTER(Sheet1!$A$2:$A$333,(Sheet1!$I$2:$I$333=$E41)+(Sheet1!$I$2:$I$333=$E42)+(Sheet1!$I$2:$I$333=$E43),"UNFILLED"))} -> TURNER, CHERTARVEYA | I41: {=IF(RIGHT(_xlfn._xlws.FILTER(Sheet1!$K$2:$K$333,(Sheet1!$K$2:$K$333=$E41)+(Sheet1!$K$2:$K$333=$E42)+(Sheet1!$K$2:$K$333=$E43),""),4)="POST",CONCATENATE(_xlfn._xlws.FILTER(Sheet1!$A$2:$A$333,(Sheet1!$K$2:$K$333=$E41)+(Sheet1!$K$2:$K$333=$E42)+(Sheet1!$K$2:$K$333=$E43),""),"-","POST"),_xlfn._xlws.FILTER(Sheet1!$A$2:$A$333,(Sheet1!$K$2:$K$333=$E41)+(Sheet1!$K$2:$K$333=$E42)+(Sheet1!$K$2:$K$333=$E43),"UNFILLED"))} -> TURNER, CHERTARVEYA | J41: {=IF(RIGHT(_xlfn._xlws.FILTER(Sheet1!M$2:M$333,(Sheet1!M$2:M$333=$E41)+(Sheet1!M$2:M$333=$E42)+(Sheet1!M$2:M$333=$E43),""),4)="POST",CONCATENATE(_xlfn._xlws.FILTER(Sheet1!$A$2:$A$333,(Sheet1!M$2:M$333=$E41)+(Sheet1!M$2:M$333=$E42)+(Sheet1!M$2:M$333=$E43),""),"-","POST"),_xlfn._xlws.FILTER(Sheet1!$A$2:$A$333,(Sheet1!M$2:M$333=$E41)+(Sheet1!M$2:M$333=$E42)+(Sheet1!M$2:M$333=$E43),"UNFILLED"))} -> VANNIER, RYAN | K41: {=IF(RIGHT(_xlfn._xlws.FILTER(Sheet1!$O$2:$O$333,(Sheet1!$O$2:$O$333=$E41)+(Sheet1!$O$2:$O$333=$E42)+(Sheet1!$O$2:$O$333=$E43),""),4)="POST",CONCATENATE(_xlfn._xlws.FILTER(Sheet1!$A$2:$A$333,(Sheet1!$O$2:$O$333=$E41)+(Sheet1!$O$2:$O$333=$E42)+(Sheet1!$O$2:$O$333=$E43),""),"-","POST"),_xlfn._xlws.FILTER(Sheet1!$A$2:$A$333,(Sheet1!$O$2:$O$333=$E41)+(Sheet1!$O$2:$O$333=$E42)+(Sheet1!$O$2:$O$333=$E43),"UNFILLED"))} -> VANNIER, RYAN | L41: {=IF(RIGHT(_xlfn._xlws.FILTER(Sheet1!$Q$2:$Q$333,(Sheet1!$Q$2:$Q$333=$E41)+(Sheet1!$Q$2:$Q$333=$E42)+(Sheet1!$Q$2:$Q$333=$E43),""),4)="POST",CONCATENATE(_xlfn._xlws.FILTER(Sheet1!$A$2:$A$333,(Sheet1!$Q$2:$Q$333=$E41)+(Sheet1!$Q$2:$Q$333=$E42)+(Sheet1!$Q$2:$Q$333=$E43),""),"-","POST"),_xlfn._xlws.FILTER(Sheet1!$A$2:$A$333,(Sheet1!$Q$2:$Q$333=$E41)+(Sheet1!$Q$2:$Q$333=$E42)+(Sheet1!$Q$2:$Q$333=$E43),"UNFILLED"))} -> VANNIER, RYAN | M41: {=IF(RIGHT(_xlfn._xlws.FILTER(Sheet1!$S$2:$S$333,(Sheet1!$S$2:$S$333=$E41)+(Sheet1!$S$2:$S$333=$E42)+(Sheet1!$S$2:$S$333=$E43),""),4)="POST",CONCATENATE(_xlfn._xlws.FILTER(Sheet1!$A$2:$A$333,(Sheet1!$S$2:$S$333=$E41)+(Sheet1!$S$2:$S$333=$E42)+(Sheet1!$S$2:$S$333=$E43),""),"-","POST"),_xlfn._xlws.FILTER(Sheet1!$A$2:$A$333,(Sheet1!$S$2:$S$333=$E41)+(Sheet1!$S$2:$S$333=$E42)+(Sheet1!$S$2:$S$333=$E43),"UNFILLED"))} -> VANNIER, RYAN
E42: =_xlfn.CONCAT(E41,"-","POST") -> TT-1-POST
E43: =_xlfn.CONCAT(E41,"-","PILOT") -> TT-1-PILOT
E44: DT-1 | F44: DT - DETROIT | G44: {=IF(RIGHT(_xlfn._xlws.FILTER(Sheet1!$G$2:$G$333,(Sheet1!$G$2:$G$333=$E44)+(Sheet1!$G$2:$G$333=$E45)+(Sheet1!$G$2:$G$333=$E46),""),4)="POST",CONCATENATE(_xlfn._xlws.FILTER(Sheet1!$A$2:$A$333,(Sheet1!$G$2:$G$333=$E44)+(Sheet1!$G$2:$G$333=$E45)+(Sheet1!$G$2:$G$333=$E46),""),"-","POST"),_xlfn._xlws.FILTER(Sheet1!$A$2:$A$333,(Sheet1!$G$2:$G$333=$E44)+(Sheet1!$G$2:$G$333=$E45)+(Sheet1!$G$2:$G$333=$E46),"UNFILLED"))} -> DOUGHERTY, MIKE | H44: {=IF(RIGHT(_xlfn._xlws.FILTER(Sheet1!$I$2:$I$333,(Sheet1!$I$2:$I$333=$E44)+(Sheet1!$I$2:$I$333=$E45)+(Sheet1!$I$2:$I$333=$E46),""),4)="POST",CONCATENATE(_xlfn._xlws.FILTER(Sheet1!$A$2:$A$333,(Sheet1!$I$2:$I$333=$E44)+(Sheet1!$I$2:$I$333=$E45)+(Sheet1!$I$2:$I$333=$E46),""),"-","POST"),_xlfn._xlws.FILTER(Sheet1!$A$2:$A$333,(Sheet1!$I$2:$I$333=$E44)+(Sheet1!$I$2:$I$333=$E45)+(Sheet1!$I$2:$I$333=$E46),"UNFILLED"))} -> BROSKIN, CHRIS | I44: {=IF(RIGHT(_xlfn._xlws.FILTER(Sheet1!$K$2:$K$333,(Sheet1!$K$2:$K$333=$E44)+(Sheet1!$K$2:$K$333=$E45)+(Sheet1!$K$2:$K$333=$E46),""),4)="POST",CONCATENATE(_xlfn._xlws.FILTER(Sheet1!$A$2:$A$333,(Sheet1!$K$2:$K$333=$E44)+(Sheet1!$K$2:$K$333=$E45)+(Sheet1!$K$2:$K$333=$E46),""),"-","POST"),_xlfn._xlws.FILTER(Sheet1!$A$2:$A$333,(Sheet1!$K$2:$K$333=$E44)+(Sheet1!$K$2:$K$333=$E45)+(Sheet1!$K$2:$K$333=$E46),"UNFILLED"))} -> BROSKIN, CHRIS | J44: {=IF(RIGHT(_xlfn._xlws.FILTER(Sheet1!M$2:M$333,(Sheet1!M$2:M$333=$E44)+(Sheet1!M$2:M$333=$E45)+(Sheet1!M$2:M$333=$E46),""),4)="POST",CONCATENATE(_xlfn._xlws.FILTER(Sheet1!$A$2:$A$333,(Sheet1!M$2:M$333=$E44)+(Sheet1!M$2:M$333=$E45)+(Sheet1!M$2:M$333=$E46),""),"-","POST"),_xlfn._xlws.FILTER(Sheet1!$A$2:$A$333,(Sheet1!M$2:M$333=$E44)+(Sheet1!M$2:M$333=$E45)+(Sheet1!M$2:M$333=$E46),"UNFILLED"))} -> BROSKIN, CHRIS | K44: {=IF(RIGHT(_xlfn._xlws.FILTER(Sheet1!$O$2:$O$333,(Sheet1!$O$2:$O$333=$E44)+(Sheet1!$O$2:$O$333=$E45)+(Sheet1!$O$2:$O$333=$E46),""),4)="POST",CONCATENATE(_xlfn._xlws.FILTER(Sheet1!$A$2:$A$333,(Sheet1!$O$2:$O$333=$E44)+(Sheet1!$O$2:$O$333=$E45)+(Sheet1!$O$2:$O$333=$E46),""),"-","POST"),_xlfn._xlws.FILTER(Sheet1!$A$2:$A$333,(Sheet1!$O$2:$O$333=$E44)+(Sheet1!$O$2:$O$333=$E45)+(Sheet1!$O$2:$O$333=$E46),"UNFILLED"))} -> BROSKIN, CHRIS | L44: {=IF(RIGHT(_xlfn._xlws.FILTER(Sheet1!$Q$2:$Q$333,(Sheet1!$Q$2:$Q$333=$E44)+(Sheet1!$Q$2:$Q$333=$E45)+(Sheet1!$Q$2:$Q$333=$E46),""),4)="POST",CONCATENATE(_xlfn._xlws.FILTER(Sheet1!$A$2:$A$333,(Sheet1!$Q$2:$Q$333=$E44)+(Sheet1!$Q$2:$Q$333=$E45)+(Sheet1!$Q$2:$Q$333=$E46),""),"-","POST"),_xlfn._xlws.FILTER(Sheet1!$A$2:$A$333,(Sheet1!$Q$2:$Q$333=$E44)+(Sheet1!$Q$2:$Q$333=$E45)+(Sheet1!$Q$2:$Q$333=$E46),"UNFILLED"))} -> BROSKIN, CHRIS | M44: {=IF(RIGHT(_xlfn._xlws.FILTER(Sheet1!$S$2:$S$333,(Sheet1!$S$2:$S$333=$E44)+(Sheet1!$S$2:$S$333=$E45)+(Sheet1!$S$2:$S$333=$E46),""),4)="POST",CONCATENATE(_xlfn._xlws.FILTER(Sheet1!$A$2:$A$333,(Sheet1!$S$2:$S$333=$E44)+(Sheet1!$S$2:$S$333=$E45)+(Sheet1!$S$2:$S$333=$E46),""),"-","POST"),_xlfn._xlws.FILTER(Sheet1!$A$2:$A$333,(Sheet1!$S$2:$S$333=$E44)+(Sheet1!$S$2:$S$333=$E45)+(Sheet1!$S$2:$S$333=$E46),"UNFILLED"))} -> GRUBBS, TUJUANA
E45: =_xlfn.CONCAT(E44,"-","POST") -> DT-1-POST
E46: =_xlfn.CONCAT(E44,"-","PILOT") -> DT-1-PILOT
E47: CG-1 | F47: CG - CHICAGO & MB | G47: {=IF(RIGHT(_xlfn._xlws.FILTER(Sheet1!$G$2:$G$333,(Sheet1!$G$2:$G$333=$E47)+(Sheet1!$G$2:$G$333=$E48)+(Sheet1!$G$2:$G$333=$E49),""),4)="POST",CONCATENATE(_xlfn._xlws.FILTER(Sheet1!$A$2:$A$333,(Sheet1!$G$2:$G$333=$E47)+(Sheet1!$G$2:$G$333=$E48)+(Sheet1!$G$2:$G$333=$E49),""),"-","POST"),_xlfn._xlws.FILTER(Sheet1!$A$2:$A$333,(Sheet1!$G$2:$G$333=$E47)+(Sheet1!$G$2:$G$333=$E48)+(Sheet1!$G$2:$G$333=$E49),"UNFILLED"))} -> WAGUESPACK, SAMMY | H47: {=IF(RIGHT(_xlfn._xlws.FILTER(Sheet1!$I$2:$I$333,(Sheet1!$I$2:$I$333=$E47)+(Sheet1!$I$2:$I$333=$E48)+(Sheet1!$I$2:$I$333=$E49),""),4)="POST",CONCATENATE(_xlfn._xlws.FILTER(Sheet1!$A$2:$A$333,(Sheet1!$I$2:$I$333=$E47)+(Sheet1!$I$2:$I$333=$E48)+(Sheet1!$I$2:$I$333=$E49),""),"-","POST"),_xlfn._xlws.FILTER(Sheet1!$A$2:$A$333,(Sheet1!$I$2:$I$333=$E47)+(Sheet1!$I$2:$I$333=$E48)+(Sheet1!$I$2:$I$333=$E49),"UNFILLED"))} -> GLACE, JOSH | I47: {=IF(RIGHT(_xlfn._xlws.FILTER(Sheet1!$K$2:$K$333,(Sheet1!$K$2:$K$333=$E47)+(Sheet1!$K$2:$K$333=$E48)+(Sheet1!$K$2:$K$333=$E49),""),4)="POST",CONCATENATE(_xlfn._xlws.FILTER(Sheet1!$A$2:$A$333,(Sheet1!$K$2:$K$333=$E47)+(Sheet1!$K$2:$K$333=$E48)+(Sheet1!$K$2:$K$333=$E49),""),"-","POST"),_xlfn._xlws.FILTER(Sheet1!$A$2:$A$333,(Sheet1!$K$2:$K$333=$E47)+(Sheet1!$K$2:$K$333=$E48)+(Sheet1!$K$2:$K$333=$E49),"UNFILLED"))} -> GLACE, JOSH | J47: {=IF(RIGHT(_xlfn._xlws.FILTER(Sheet1!M$2:M$333,(Sheet1!M$2:M$333=$E47)+(Sheet1!M$2:M$333=$E48)+(Sheet1!M$2:M$333=$E49),""),4)="POST",CONCATENATE(_xlfn._xlws.FILTER(Sheet1!$A$2:$A$333,(Sheet1!M$2:M$333=$E47)+(Sheet1!M$2:M$333=$E48)+(Sheet1!M$2:M$333=$E49),""),"-","POST"),_xlfn._xlws.FILTER(Sheet1!$A$2:$A$333,(Sheet1!M$2:M$333=$E47)+(Sheet1!M$2:M$333=$E48)+(Sheet1!M$2:M$333=$E49),"UNFILLED"))} -> GLACE, JOSH | K47: {=IF(RIGHT(_xlfn._xlws.FILTER(Sheet1!$O$2:$O$333,(Sheet1!$O$2:$O$333=$E47)+(Sheet1!$O$2:$O$333=$E48)+(Sheet1!$O$2:$O$333=$E49),""),4)="POST",CONCATENATE(_xlfn._xlws.FILTER(Sheet1!$A$2:$A$333,(Sheet1!$O$2:$O$333=$E47)+(Sheet1!$O$2:$O$333=$E48)+(Sheet1!$O$2:$O$333=$E49),""),"-","POST"),_xlfn._xlws.FILTER(Sheet1!$A$2:$A$333,(Sheet1!$O$2:$O$333=$E47)+(Sheet1!$O$2:$O$333=$E48)+(Sheet1!$O$2:$O$333=$E49),"UNFILLED"))} -> GLACE, JOSH | L47: {=IF(RIGHT(_xlfn._xlws.FILTER(Sheet1!$Q$2:$Q$333,(Sheet1!$Q$2:$Q$333=$E47)+(Sheet1!$Q$2:$Q$333=$E48)+(Sheet1!$Q$2:$Q$333=$E49),""),4)="POST",CONCATENATE(_xlfn._xlws.FILTER(Sheet1!$A$2:$A$333,(Sheet1!$Q$2:$Q$333=$E47)+(Sheet1!$Q$2:$Q$333=$E48)+(Sheet1!$Q$2:$Q$333=$E49),""),"-","POST"),_xlfn._xlws.FILTER(Sheet1!$A$2:$A$333,(Sheet1!$Q$2:$Q$333=$E47)+(Sheet1!$Q$2:$Q$333=$E48)+(Sheet1!$Q$2:$Q$333=$E49),"UNFILLED"))} -> GLACE, JOSH | M47: {=IF(RIGHT(_xlfn._xlws.FILTER(Sheet1!$S$2:$S$333,(Sheet1!$S$2:$S$333=$E47)+(Sheet1!$S$2:$S$333=$E48)+(Sheet1!$S$2:$S$333=$E49),""),4)="POST",CONCATENATE(_xlfn._xlws.FILTER(Sheet1!$A$2:$A$333,(Sheet1!$S$2:$S$333=$E47)+(Sheet1!$S$2:$S$333=$E48)+(Sheet1!$S$2:$S$333=$E49),""),"-","POST"),_xlfn._xlws.FILTER(Sheet1!$A$2:$A$333,(Sheet1!$S$2:$S$333=$E47)+(Sheet1!$S$2:$S$333=$E48)+(Sheet1!$S$2:$S$333=$E49),"UNFILLED"))} -> BOUCHARD, SHARLIE
E48: =_xlfn.CONCAT(E47,"-","POST") -> CG-1-POST | G48: WAVER, ANDREW-POST
E49: =_xlfn.CONCAT(E47,"-","PILOT") -> CG-1-PILOT
E50: DE-1 | F50: DE - FT. WAYNE TERMINAL | G50: {=IF(RIGHT(_xlfn._xlws.FILTER(Sheet1!$G$2:$G$333,(Sheet1!$G$2:$G$333=$E50)+(Sheet1!$G$2:$G$333=$E51)+(Sheet1!$G$2:$G$333=$E52),""),4)="POST",CONCATENATE(_xlfn._xlws.FILTER(Sheet1!$A$2:$A$333,(Sheet1!$G$2:$G$333=$E50)+(Sheet1!$G$2:$G$333=$E51)+(Sheet1!$G$2:$G$333=$E52),""),"-","POST"),_xlfn._xlws.FILTER(Sheet1!$A$2:$A$333,(Sheet1!$G$2:$G$333=$E50)+(Sheet1!$G$2:$G$333=$E51)+(Sheet1!$G$2:$G$333=$E52),"UNFILLED"))} -> JAMES, NICHOLAS | H50: {=IF(RIGHT(_xlfn._xlws.FILTER(Sheet1!$I$2:$I$333,(Sheet1!$I$2:$I$333=$E50)+(Sheet1!$I$2:$I$333=$E51)+(Sheet1!$I$2:$I$333=$E52),""),4)="POST",CONCATENATE(_xlfn._xlws.FILTER(Sheet1!$A$2:$A$333,(Sheet1!$I$2:$I$333=$E50)+(Sheet1!$I$2:$I$333=$E51)+(Sheet1!$I$2:$I$333=$E52),""),"-","POST"),_xlfn._xlws.FILTER(Sheet1!$A$2:$A$333,(Sheet1!$I$2:$I$333=$E50)+(Sheet1!$I$2:$I$333=$E51)+(Sheet1!$I$2:$I$333=$E52),"UNFILLED"))} -> JAMES, NICHOLAS | I50: {=IF(RIGHT(_xlfn._xlws.FILTER(Sheet1!$K$2:$K$333,(Sheet1!$K$2:$K$333=$E50)+(Sheet1!$K$2:$K$333=$E51)+(Sheet1!$K$2:$K$333=$E52),""),4)="POST",CONCATENATE(_xlfn._xlws.FILTER(Sheet1!$A$2:$A$333,(Sheet1!$K$2:$K$333=$E50)+(Sheet1!$K$2:$K$333=$E51)+(Sheet1!$K$2:$K$333=$E52),""),"-","POST"),_xlfn._xlws.FILTER(Sheet1!$A$2:$A$333,(Sheet1!$K$2:$K$333=$E50)+(Sheet1!$K$2:$K$333=$E51)+(Sheet1!$K$2:$K$333=$E52),"UNFILLED"))} -> JAMES, GREGG | J50: {=IF(RIGHT(_xlfn._xlws.FILTER(Sheet1!M$2:M$333,(Sheet1!M$2:M$333=$E50)+(Sheet1!M$2:M$333=$E51)+(Sheet1!M$2:M$333=$E52),""),4)="POST",CONCATENATE(_xlfn._xlws.FILTER(Sheet1!$A$2:$A$333,(Sheet1!M$2:M$333=$E50)+(Sheet1!M$2:M$333=$E51)+(Sheet1!M$2:M$333=$E52),""),"-","POST"),_xlfn._xlws.FILTER(Sheet1!$A$2:$A$333,(Sheet1!M$2:M$333=$E50)+(Sheet1!M$2:M$333=$E51)+(Sheet1!M$2:M$333=$E52),"UNFILLED"))} -> JAMES, GREGG | K50: {=IF(RIGHT(_xlfn._xlws.FILTER(Sheet1!$O$2:$O$333,(Sheet1!$O$2:$O$333=$E50)+(Sheet1!$O$2:$O$333=$E51)+(Sheet1!$O$2:$O$333=$E52),""),4)="POST",CONCATENATE(_xlfn._xlws.FILTER(Sheet1!$A$2:$A$333,(Sheet1!$O$2:$O$333=$E50)+(Sheet1!$O$2:$O$333=$E51)+(Sheet1!$O$2:$O$333=$E52),""),"-","POST"),_xlfn._xlws.FILTER(Sheet1!$A$2:$A$333,(Sheet1!$O$2:$O$333=$E50)+(Sheet1!$O$2:$O$333=$E51)+(Sheet1!$O$2:$O$333=$E52),"UNFILLED"))} -> JAMES, GREGG | L50: {=IF(RIGHT(_xlfn._xlws.FILTER(Sheet1!$Q$2:$Q$333,(Sheet1!$Q$2:$Q$333=$E50)+(Sheet1!$Q$2:$Q$333=$E51)+(Sheet1!$Q$2:$Q$333=$E52),""),4)="POST",CONCATENATE(_xlfn._xlws.FILTER(Sheet1!$A$2:$A$333,(Sheet1!$Q$2:$Q$333=$E50)+(Sheet1!$Q$2:$Q$333=$E51)+(Sheet1!$Q$2:$Q$333=$E52),""),"-","POST"),_xlfn._xlws.FILTER(Sheet1!$A$2:$A$333,(Sheet1!$Q$2:$Q$333=$E50)+(Sheet1!$Q$2:$Q$333=$E51)+(Sheet1!$Q$2:$Q$333=$E52),"UNFILLED"))} -> JAMES, GREGG | M50: {=IF(RIGHT(_xlfn._xlws.FILTER(Sheet1!$S$2:$S$333,(Sheet1!$S$2:$S$333=$E50)+(Sheet1!$S$2:$S$333=$E51)+(Sheet1!$S$2:$S$333=$E52),""),4)="POST",CONCATENATE(_xlfn._xlws.FILTER(Sheet1!$A$2:$A$333,(Sheet1!$S$2:$S$333=$E50)+(Sheet1!$S$2:$S$333=$E51)+(Sheet1!$S$2:$S$333=$E52),""),"-","POST"),_xlfn._xlws.FILTER(Sheet1!$A$2:$A$333,(Sheet1!$S$2:$S$333=$E50)+(Sheet1!$S$2:$S$333=$E51)+(Sheet1!$S$2:$S$333=$E52),"UNFILLED"))} -> JAMES, GREGG
E51: =_xlfn.CONCAT(E50,"-","POST") -> DE-1-POST
E52: =_xlfn.CONCAT(E50,"-","PILOT") -> DE-1-PILOT
E53: MT-1 | F53: MT - MOORMAN TERMINAL | G53: {=IF(RIGHT(_xlfn._xlws.FILTER(Sheet1!$G$2:$G$333,(Sheet1!$G$2:$G$333=$E53)+(Sheet1!$G$2:$G$333=$E54)+(Sheet1!$G$2:$G$333=$E55),""),4)="POST",CONCATENATE(_xlfn._xlws.FILTER(Sheet1!$A$2:$A$333,(Sheet1!$G$2:$G$333=$E53)+(Sheet1!$G$2:$G$333=$E54)+(Sheet1!$G$2:$G$333=$E55),""),"-","POST"),_xlfn._xlws.FILTER(Sheet1!$A$2:$A$333,(Sheet1!$G$2:$G$333=$E53)+(Sheet1!$G$2:$G$333=$E54)+(Sheet1!$G$2:$G$333=$E55),"UNFILLED"))} -> ZIMA, ART | H53: {=IF(RIGHT(_xlfn._xlws.FILTER(Sheet1!$I$2:$I$333,(Sheet1!$I$2:$I$333=$E53)+(Sheet1!$I$2:$I$333=$E54)+(Sheet1!$I$2:$I$333=$E55),""),4)="POST",CONCATENATE(_xlfn._xlws.FILTER(Sheet1!$A$2:$A$333,(Sheet1!$I$2:$I$333=$E53)+(Sheet1!$I$2:$I$333=$E54)+(Sheet1!$I$2:$I$333=$E55),""),"-","POST"),_xlfn._xlws.FILTER(Sheet1!$A$2:$A$333,(Sheet1!$I$2:$I$333=$E53)+(Sheet1!$I$2:$I$333=$E54)+(Sheet1!$I$2:$I$333=$E55),"UNFILLED"))} -> BRIMAH, ABDUL | I53: {=IF(RIGHT(_xlfn._xlws.FILTER(Sheet1!$K$2:$K$333,(Sheet1!$K$2:$K$333=$E53)+(Sheet1!$K$2:$K$333=$E54)+(Sheet1!$K$2:$K$333=$E55),""),4)="POST",CONCATENATE(_xlfn._xlws.FILTER(Sheet1!$A$2:$A$333,(Sheet1!$K$2:$K$333=$E53)+(Sheet1!$K$2:$K$333=$E54)+(Sheet1!$K$2:$K$333=$E55),""),"-","POST"),_xlfn._xlws.FILTER(Sheet1!$A$2:$A$333,(Sheet1!$K$2:$K$333=$E53)+(Sheet1!$K$2:$K$333=$E54)+(Sheet1!$K$2:$K$333=$E55),"UNFILLED"))} -> BRIMAH, ABDUL | J53: {=IF(RIGHT(_xlfn._xlws.FILTER(Sheet1!M$2:M$333,(Sheet1!M$2:M$333=$E53)+(Sheet1!M$2:M$333=$E54)+(Sheet1!M$2:M$333=$E55),""),4)="POST",CONCATENATE(_xlfn._xlws.FILTER(Sheet1!$A$2:$A$333,(Sheet1!M$2:M$333=$E53)+(Sheet1!M$2:M$333=$E54)+(Sheet1!M$2:M$333=$E55),""),"-","POST"),_xlfn._xlws.FILTER(Sheet1!$A$2:$A$333,(Sheet1!M$2:M$333=$E53)+(Sheet1!M$2:M$333=$E54)+(Sheet1!M$2:M$333=$E55),"UNFILLED"))} -> ZIMA, ART | K53: {=IF(RIGHT(_xlfn._xlws.FILTER(Sheet1!$O$2:$O$333,(Sheet1!$O$2:$O$333=$E53)+(Sheet1!$O$2:$O$333=$E54)+(Sheet1!$O$2:$O$333=$E55),""),4)="POST",CONCATENATE(_xlfn._xlws.FILTER(Sheet1!$A$2:$A$333,(Sheet1!$O$2:$O$333=$E53)+(Sheet1!$O$2:$O$333=$E54)+(Sheet1!$O$2:$O$333=$E55),""),"-","POST"),_xlfn._xlws.FILTER(Sheet1!$A$2:$A$333,(Sheet1!$O$2:$O$333=$E53)+(Sheet1!$O$2:$O$333=$E54)+(Sheet1!$O$2:$O$333=$E55),"UNFILLED"))} -> ZIMA, ART | L53: {=IF(RIGHT(_xlfn._xlws.FILTER(Sheet1!$Q$2:$Q$333,(Sheet1!$Q$2:$Q$333=$E53)+(Sheet1!$Q$2:$Q$333=$E54)+(Sheet1!$Q$2:$Q$333=$E55),""),4)="POST",CONCATENATE(_xlfn._xlws.FILTER(Sheet1!$A$2:$A$333,(Sheet1!$Q$2:$Q$333=$E53)+(Sheet1!$Q$2:$Q$333=$E54)+(Sheet1!$Q$2:$Q$333=$E55),""),"-","POST"),_xlfn._xlws.FILTER(Sheet1!$A$2:$A$333,(Sheet1!$Q$2:$Q$333=$E53)+(Sheet1!$Q$2:$Q$333=$E54)+(Sheet1!$Q$2:$Q$333=$E55),"UNFILLED"))} -> ZIMA, ART | M53: {=IF(RIGHT(_xlfn._xlws.FILTER(Sheet1!$S$2:$S$333,(Sheet1!$S$2:$S$333=$E53)+(Sheet1!$S$2:$S$333=$E54)+(Sheet1!$S$2:$S$333=$E55),""),4)="POST",CONCATENATE(_xlfn._xlws.FILTER(Sheet1!$A$2:$A$333,(Sheet1!$S$2:$S$333=$E53)+(Sheet1!$S$2:$S$333=$E54)+(Sheet1!$S$2:$S$333=$E55),""),"-","POST"),_xlfn._xlws.FILTER(Sheet1!$A$2:$A$333,(Sheet1!$S$2:$S$333=$E53)+(Sheet1!$S$2:$S$333=$E54)+(Sheet1!$S$2:$S$333=$E55),"UNFILLED"))} -> WAGUESPACK, SAMMY-POST
E54: =_xlfn.CONCAT(E53,"-","POST") -> MT-1-POST | M54: YEAGER, DOROTHY
E55: =_xlfn.CONCAT(E53,"-","PILOT") -> MT-1-PILOT | M55: ZIMA, ART
E56: SA-1 | F56: SA - SANDUSKY | G56: {=IF(RIGHT(_xlfn._xlws.FILTER(Sheet1!$G$2:$G$333,(Sheet1!$G$2:$G$333=$E56)+(Sheet1!$G$2:$G$333=$E57)+(Sheet1!$G$2:$G$333=$E58),""),4)="POST",CONCATENATE(_xlfn._xlws.FILTER(Sheet1!$A$2:$A$333,(Sheet1!$G$2:$G$333=$E56)+(Sheet1!$G$2:$G$333=$E57)+(Sheet1!$G$2:$G$333=$E58),""),"-","POST"),_xlfn._xlws.FILTER(Sheet1!$A$2:$A$333,(Sheet1!$G$2:$G$333=$E56)+(Sheet1!$G$2:$G$333=$E57)+(Sheet1!$G$2:$G$333=$E58),"UNFILLED"))} -> BONNER, DEVIAN | H56: {=IF(RIGHT(_xlfn._xlws.FILTER(Sheet1!$I$2:$I$333,(Sheet1!$I$2:$I$333=$E56)+(Sheet1!$I$2:$I$333=$E57)+(Sheet1!$I$2:$I$333=$E58),""),4)="POST",CONCATENATE(_xlfn._xlws.FILTER(Sheet1!$A$2:$A$333,(Sheet1!$I$2:$I$333=$E56)+(Sheet1!$I$2:$I$333=$E57)+(Sheet1!$I$2:$I$333=$E58),""),"-","POST"),_xlfn._xlws.FILTER(Sheet1!$A$2:$A$333,(Sheet1!$I$2:$I$333=$E56)+(Sheet1!$I$2:$I$333=$E57)+(Sheet1!$I$2:$I$333=$E58),"UNFILLED"))} -> BRENNEKE, TAMI | I56: {=IF(RIGHT(_xlfn._xlws.FILTER(Sheet1!$K$2:$K$333,(Sheet1!$K$2:$K$333=$E56)+(Sheet1!$K$2:$K$333=$E57)+(Sheet1!$K$2:$K$333=$E58),""),4)="POST",CONCATENATE(_xlfn._xlws.FILTER(Sheet1!$A$2:$A$333,(Sheet1!$K$2:$K$333=$E56)+(Sheet1!$K$2:$K$333=$E57)+(Sheet1!$K$2:$K$333=$E58),""),"-","POST"),_xlfn._xlws.FILTER(Sheet1!$A$2:$A$333,(Sheet1!$K$2:$K$333=$E56)+(Sheet1!$K$2:$K$333=$E57)+(Sheet1!$K$2:$K$333=$E58),"UNFILLED"))} -> BRENNEKE, TAMI | J56: {=IF(RIGHT(_xlfn._xlws.FILTER(Sheet1!M$2:M$333,(Sheet1!M$2:M$333=$E56)+(Sheet1!M$2:M$333=$E57)+(Sheet1!M$2:M$333=$E58),""),4)="POST",CONCATENATE(_xlfn._xlws.FILTER(Sheet1!$A$2:$A$333,(Sheet1!M$2:M$333=$E56)+(Sheet1!M$2:M$333=$E57)+(Sheet1!M$2:M$333=$E58),""),"-","POST"),_xlfn._xlws.FILTER(Sheet1!$A$2:$A$333,(Sheet1!M$2:M$333=$E56)+(Sheet1!M$2:M$333=$E57)+(Sheet1!M$2:M$333=$E58),"UNFILLED"))} -> BRENNEKE, TAMI | K56: {=IF(RIGHT(_xlfn._xlws.FILTER(Sheet1!$O$2:$O$333,(Sheet1!$O$2:$O$333=$E56)+(Sheet1!$O$2:$O$333=$E57)+(Sheet1!$O$2:$O$333=$E58),""),4)="POST",CONCATENATE(_xlfn._xlws.FILTER(Sheet1!$A$2:$A$333,(Sheet1!$O$2:$O$333=$E56)+(Sheet1!$O$2:$O$333=$E57)+(Sheet1!$O$2:$O$333=$E58),""),"-","POST"),_xlfn._xlws.FILTER(Sheet1!$A$2:$A$333,(Sheet1!$O$2:$O$333=$E56)+(Sheet1!$O$2:$O$333=$E57)+(Sheet1!$O$2:$O$333=$E58),"UNFILLED"))} -> BRENNEKE, TAMI | L56: {=IF(RIGHT(_xlfn._xlws.FILTER(Sheet1!$Q$2:$Q$333,(Sheet1!$Q$2:$Q$333=$E56)+(Sheet1!$Q$2:$Q$333=$E57)+(Sheet1!$Q$2:$Q$333=$E58),""),4)="POST",CONCATENATE(_xlfn._xlws.FILTER(Sheet1!$A$2:$A$333,(Sheet1!$Q$2:$Q$333=$E56)+(Sheet1!$Q$2:$Q$333=$E57)+(Sheet1!$Q$2:$Q$333=$E58),""),"-","POST"),_xlfn._xlws.FILTER(Sheet1!$A$2:$A$333,(Sheet1!$Q$2:$Q$333=$E56)+(Sheet1!$Q$2:$Q$333=$E57)+(Sheet1!$Q$2:$Q$333=$E58),"UNFILLED"))} -> BRENNEKE, TAMI | M56: {=IF(RIGHT(_xlfn._xlws.FILTER(Sheet1!$S$2:$S$333,(Sheet1!$S$2:$S$333=$E56)+(Sheet1!$S$2:$S$333=$E57)+(Sheet1!$S$2:$S$333=$E58),""),4)="POST",CONCATENATE(_xlfn._xlws.FILTER(Sheet1!$A$2:$A$333,(Sheet1!$S$2:$S$333=$E56)+(Sheet1!$S$2:$S$333=$E57)+(Sheet1!$S$2:$S$333=$E58),""),"-","POST"),_xlfn._xlws.FILTER(Sheet1!$A$2:$A$333,(Sheet1!$S$2:$S$333=$E56)+(Sheet1!$S$2:$S$333=$E57)+(Sheet1!$S$2:$S$333=$E58),"UNFILLED"))} -> TAYLOR, JASMINE
E57: =_xlfn.CONCAT(E56,"-","POST") -> SA-1-POST | J57: HARBIN, BRYANT-POST
E58: =_xlfn.CONCAT(E56,"-","PILOT") -> SA-1-PILOT
F59: MIDWEST
E60: KC-1 | F60: KC - KANSAS CITY | G60: {=IF(RIGHT(_xlfn._xlws.FILTER(Sheet1!$G$2:$G$333,(Sheet1!$G$2:$G$333=$E60)+(Sheet1!$G$2:$G$333=$E61)+(Sheet1!$G$2:$G$333=$E62),""),4)="POST",CONCATENATE(_xlfn._xlws.FILTER(Sheet1!$A$2:$A$333,(Sheet1!$G$2:$G$333=$E60)+(Sheet1!$G$2:$G$333=$E61)+(Sheet1!$G$2:$G$333=$E62),""),"-","POST"),_xlfn._xlws.FILTER(Sheet1!$A$2:$A$333,(Sheet1!$G$2:$G$333=$E60)+(Sheet1!$G$2:$G$333=$E61)+(Sheet1!$G$2:$G$333=$E62),"UNFILLED"))} -> KOSHY, SUJIT | H60: {=IF(RIGHT(_xlfn._xlws.FILTER(Sheet1!$I$2:$I$333,(Sheet1!$I$2:$I$333=$E60)+(Sheet1!$I$2:$I$333=$E61)+(Sheet1!$I$2:$I$333=$E62),""),4)="POST",CONCATENATE(_xlfn._xlws.FILTER(Sheet1!$A$2:$A$333,(Sheet1!$I$2:$I$333=$E60)+(Sheet1!$I$2:$I$333=$E61)+(Sheet1!$I$2:$I$333=$E62),""),"-","POST"),_xlfn._xlws.FILTER(Sheet1!$A$2:$A$333,(Sheet1!$I$2:$I$333=$E60)+(Sheet1!$I$2:$I$333=$E61)+(Sheet1!$I$2:$I$333=$E62),"UNFILLED"))} -> GARRETT, DARREN | I60: {=IF(RIGHT(_xlfn._xlws.FILTER(Sheet1!$K$2:$K$333,(Sheet1!$K$2:$K$333=$E60)+(Sheet1!$K$2:$K$333=$E61)+(Sheet1!$K$2:$K$333=$E62),""),4)="POST",CONCATENATE(_xlfn._xlws.FILTER(Sheet1!$A$2:$A$333,(Sheet1!$K$2:$K$333=$E60)+(Sheet1!$K$2:$K$333=$E61)+(Sheet1!$K$2:$K$333=$E62),""),"-","POST"),_xlfn._xlws.FILTER(Sheet1!$A$2:$A$333,(Sheet1!$K$2:$K$333=$E60)+(Sheet1!$K$2:$K$333=$E61)+(Sheet1!$K$2:$K$333=$E62),"UNFILLED"))} -> GARRETT, DARREN | J60: {=IF(RIGHT(_xlfn._xlws.FILTER(Sheet1!M$2:M$333,(Sheet1!M$2:M$333=$E60)+(Sheet1!M$2:M$333=$E61)+(Sheet1!M$2:M$333=$E62),""),4)="POST",CONCATENATE(_xlfn._xlws.FILTER(Sheet1!$A$2:$A$333,(Sheet1!M$2:M$333=$E60)+(Sheet1!M$2:M$333=$E61)+(Sheet1!M$2:M$333=$E62),""),"-","POST"),_xlfn._xlws.FILTER(Sheet1!$A$2:$A$333,(Sheet1!M$2:M$333=$E60)+(Sheet1!M$2:M$333=$E61)+(Sheet1!M$2:M$333=$E62),"UNFILLED"))} -> KOSHY, SUJIT | K60: {=IF(RIGHT(_xlfn._xlws.FILTER(Sheet1!$O$2:$O$333,(Sheet1!$O$2:$O$333=$E60)+(Sheet1!$O$2:$O$333=$E61)+(Sheet1!$O$2:$O$333=$E62),""),4)="POST",CONCATENATE(_xlfn._xlws.FILTER(Sheet1!$A$2:$A$333,(Sheet1!$O$2:$O$333=$E60)+(Sheet1!$O$2:$O$333=$E61)+(Sheet1!$O$2:$O$333=$E62),""),"-","POST"),_xlfn._xlws.FILTER(Sheet1!$A$2:$A$333,(Sheet1!$O$2:$O$333=$E60)+(Sheet1!$O$2:$O$333=$E61)+(Sheet1!$O$2:$O$333=$E62),"UNFILLED"))} -> KOSHY, SUJIT | L60: {=IF(RIGHT(_xlfn._xlws.FILTER(Sheet1!$Q$2:$Q$333,(Sheet1!$Q$2:$Q$333=$E60)+(Sheet1!$Q$2:$Q$333=$E61)+(Sheet1!$Q$2:$Q$333=$E62),""),4)="POST",CONCATENATE(_xlfn._xlws.FILTER(Sheet1!$A$2:$A$333,(Sheet1!$Q$2:$Q$333=$E60)+(Sheet1!$Q$2:$Q$333=$E61)+(Sheet1!$Q$2:$Q$333=$E62),""),"-","POST"),_xlfn._xlws.FILTER(Sheet1!$A$2:$A$333,(Sheet1!$Q$2:$Q$333=$E60)+(Sheet1!$Q$2:$Q$333=$E61)+(Sheet1!$Q$2:$Q$333=$E62),"UNFILLED"))} -> KOSHY, SUJIT | M60: {=IF(RIGHT(_xlfn._xlws.FILTER(Sheet1!$S$2:$S$333,(Sheet1!$S$2:$S$333=$E60)+(Sheet1!$S$2:$S$333=$E61)+(Sheet1!$S$2:$S$333=$E62),""),4)="POST",CONCATENATE(_xlfn._xlws.FILTER(Sheet1!$A$2:$A$333,(Sheet1!$S$2:$S$333=$E60)+(Sheet1!$S$2:$S$333=$E61)+(Sheet1!$S$2:$S$333=$E62),""),"-","POST"),_xlfn._xlws.FILTER(Sheet1!$A$2:$A$333,(Sheet1!$S$2:$S$333=$E60)+(Sheet1!$S$2:$S$333=$E61)+(Sheet1!$S$2:$S$333=$E62),"UNFILLED"))} -> KOSHY, SUJIT
E61: =_xlfn.CONCAT(E60,"-","POST") -> KC-1-POST
E62: =_xlfn.CONCAT(E60,"-","PILOT") -> KC-1-PILOT
E63: SP-1 | F63: SP - SPRINGFIELD | G63: {=IF(RIGHT(_xlfn._xlws.FILTER(Sheet1!$G$2:$G$333,(Sheet1!$G$2:$G$333=$E63)+(Sheet1!$G$2:$G$333=$E64)+(Sheet1!$G$2:$G$333=$E65),""),4)="POST",CONCATENATE(_xlfn._xlws.FILTER(Sheet1!$A$2:$A$333,(Sheet1!$G$2:$G$333=$E63)+(Sheet1!$G$2:$G$333=$E64)+(Sheet1!$G$2:$G$333=$E65),""),"-","POST"),_xlfn._xlws.FILTER(Sheet1!$A$2:$A$333,(Sheet1!$G$2:$G$333=$E63)+(Sheet1!$G$2:$G$333=$E64)+(Sheet1!$G$2:$G$333=$E65),"UNFILLED"))} -> ROBINSON, AARON | H63: {=IF(RIGHT(_xlfn._xlws.FILTER(Sheet1!$I$2:$I$333,(Sheet1!$I$2:$I$333=$E63)+(Sheet1!$I$2:$I$333=$E64)+(Sheet1!$I$2:$I$333=$E65),""),4)="POST",CONCATENATE(_xlfn._xlws.FILTER(Sheet1!$A$2:$A$333,(Sheet1!$I$2:$I$333=$E63)+(Sheet1!$I$2:$I$333=$E64)+(Sheet1!$I$2:$I$333=$E65),""),"-","POST"),_xlfn._xlws.FILTER(Sheet1!$A$2:$A$333,(Sheet1!$I$2:$I$333=$E63)+(Sheet1!$I$2:$I$333=$E64)+(Sheet1!$I$2:$I$333=$E65),"UNFILLED"))} -> WENNEMAN, BRYAN | I63: {=IF(RIGHT(_xlfn._xlws.FILTER(Sheet1!$K$2:$K$333,(Sheet1!$K$2:$K$333=$E63)+(Sheet1!$K$2:$K$333=$E64)+(Sheet1!$K$2:$K$333=$E65),""),4)="POST",CONCATENATE(_xlfn._xlws.FILTER(Sheet1!$A$2:$A$333,(Sheet1!$K$2:$K$333=$E63)+(Sheet1!$K$2:$K$333=$E64)+(Sheet1!$K$2:$K$333=$E65),""),"-","POST"),_xlfn._xlws.FILTER(Sheet1!$A$2:$A$333,(Sheet1!$K$2:$K$333=$E63)+(Sheet1!$K$2:$K$333=$E64)+(Sheet1!$K$2:$K$333=$E65),"UNFILLED"))} -> WENNEMAN, BRYAN | J63: {=IF(RIGHT(_xlfn._xlws.FILTER(Sheet1!M$2:M$333,(Sheet1!M$2:M$333=$E63)+(Sheet1!M$2:M$333=$E64)+(Sheet1!M$2:M$333=$E65),""),4)="POST",CONCATENATE(_xlfn._xlws.FILTER(Sheet1!$A$2:$A$333,(Sheet1!M$2:M$333=$E63)+(Sheet1!M$2:M$333=$E64)+(Sheet1!M$2:M$333=$E65),""),"-","POST"),_xlfn._xlws.FILTER(Sheet1!$A$2:$A$333,(Sheet1!M$2:M$333=$E63)+(Sheet1!M$2:M$333=$E64)+(Sheet1!M$2:M$333=$E65),"UNFILLED"))} -> WENNEMAN, BRYAN | K63: {=IF(RIGHT(_xlfn._xlws.FILTER(Sheet1!$O$2:$O$333,(Sheet1!$O$2:$O$333=$E63)+(Sheet1!$O$2:$O$333=$E64)+(Sheet1!$O$2:$O$333=$E65),""),4)="POST",CONCATENATE(_xlfn._xlws.FILTER(Sheet1!$A$2:$A$333,(Sheet1!$O$2:$O$333=$E63)+(Sheet1!$O$2:$O$333=$E64)+(Sheet1!$O$2:$O$333=$E65),""),"-","POST"),_xlfn._xlws.FILTER(Sheet1!$A$2:$A$333,(Sheet1!$O$2:$O$333=$E63)+(Sheet1!$O$2:$O$333=$E64)+(Sheet1!$O$2:$O$333=$E65),"UNFILLED"))} -> WENNEMAN, BRYAN | L63: {=IF(RIGHT(_xlfn._xlws.FILTER(Sheet1!$Q$2:$Q$333,(Sheet1!$Q$2:$Q$333=$E63)+(Sheet1!$Q$2:$Q$333=$E64)+(Sheet1!$Q$2:$Q$333=$E65),""),4)="POST",CONCATENATE(_xlfn._xlws.FILTER(Sheet1!$A$2:$A$333,(Sheet1!$Q$2:$Q$333=$E63)+(Sheet1!$Q$2:$Q$333=$E64)+(Sheet1!$Q$2:$Q$333=$E65),""),"-","POST"),_xlfn._xlws.FILTER(Sheet1!$A$2:$A$333,(Sheet1!$Q$2:$Q$333=$E63)+(Sheet1!$Q$2:$Q$333=$E64)+(Sheet1!$Q$2:$Q$333=$E65),"UNFILLED"))} -> FALLINGS-AMIS, JAMISON | M63: {=IF(RIGHT(_xlfn._xlws.FILTER(Sheet1!$S$2:$S$333,(Sheet1!$S$2:$S$333=$E63)+(Sheet1!$S$2:$S$333=$E64)+(Sheet1!$S$2:$S$333=$E65),""),4)="POST",CONCATENATE(_xlfn._xlws.FILTER(Sheet1!$A$2:$A$333,(Sheet1!$S$2:$S$333=$E63)+(Sheet1!$S$2:$S$333=$E64)+(Sheet1!$S$2:$S$333=$E65),""),"-","POST"),_xlfn._xlws.FILTER(Sheet1!$A$2:$A$333,(Sheet1!$S$2:$S$333=$E63)+(Sheet1!$S$2:$S$333=$E64)+(Sheet1!$S$2:$S$333=$E65),"UNFILLED"))} -> ROBINSON, AARON
E64: =_xlfn.CONCAT(E63,"-","POST") -> SP-1-POST
E65: =_xlfn.CONCAT(E63,"-","PILOT") -> SP-1-PILOT
E66: LF-1 | F66: LF - LAFAYETTE | G66: {=IF(RIGHT(_xlfn._xlws.FILTER(Sheet1!$G$2:$G$333,(Sheet1!$G$2:$G$333=$E66)+(Sheet1!$G$2:$G$333=$E67)+(Sheet1!$G$2:$G$333=$E68),""),4)="POST",CONCATENATE(_xlfn._xlws.FILTER(Sheet1!$A$2:$A$333,(Sheet1!$G$2:$G$333=$E66)+(Sheet1!$G$2:$G$333=$E67)+(Sheet1!$G$2:$G$333=$E68),""),"-","POST"),_xlfn._xlws.FILTER(Sheet1!$A$2:$A$333,(Sheet1!$G$2:$G$333=$E66)+(Sheet1!$G$2:$G$333=$E67)+(Sheet1!$G$2:$G$333=$E68),"UNFILLED"))} -> OWENS, XAVIER | H66: {=IF(RIGHT(_xlfn._xlws.FILTER(Sheet1!$I$2:$I$333,(Sheet1!$I$2:$I$333=$E66)+(Sheet1!$I$2:$I$333=$E67)+(Sheet1!$I$2:$I$333=$E68),""),4)="POST",CONCATENATE(_xlfn._xlws.FILTER(Sheet1!$A$2:$A$333,(Sheet1!$I$2:$I$333=$E66)+(Sheet1!$I$2:$I$333=$E67)+(Sheet1!$I$2:$I$333=$E68),""),"-","POST"),_xlfn._xlws.FILTER(Sheet1!$A$2:$A$333,(Sheet1!$I$2:$I$333=$E66)+(Sheet1!$I$2:$I$333=$E67)+(Sheet1!$I$2:$I$333=$E68),"UNFILLED"))} -> OWENS, XAVIER | I66: {=IF(RIGHT(_xlfn._xlws.FILTER(Sheet1!$K$2:$K$333,(Sheet1!$K$2:$K$333=$E66)+(Sheet1!$K$2:$K$333=$E67)+(Sheet1!$K$2:$K$333=$E68),""),4)="POST",CONCATENATE(_xlfn._xlws.FILTER(Sheet1!$A$2:$A$333,(Sheet1!$K$2:$K$333=$E66)+(Sheet1!$K$2:$K$333=$E67)+(Sheet1!$K$2:$K$333=$E68),""),"-","POST"),_xlfn._xlws.FILTER(Sheet1!$A$2:$A$333,(Sheet1!$K$2:$K$333=$E66)+(Sheet1!$K$2:$K$333=$E67)+(Sheet1!$K$2:$K$333=$E68),"UNFILLED"))} -> MERCER, LLOYD | J66: {=IF(RIGHT(_xlfn._xlws.FILTER(Sheet1!M$2:M$333,(Sheet1!M$2:M$333=$E66)+(Sheet1!M$2:M$333=$E67)+(Sheet1!M$2:M$333=$E68),""),4)="POST",CONCATENATE(_xlfn._xlws.FILTER(Sheet1!$A$2:$A$333,(Sheet1!M$2:M$333=$E66)+(Sheet1!M$2:M$333=$E67)+(Sheet1!M$2:M$333=$E68),""),"-","POST"),_xlfn._xlws.FILTER(Sheet1!$A$2:$A$333,(Sheet1!M$2:M$333=$E66)+(Sheet1!M$2:M$333=$E67)+(Sheet1!M$2:M$333=$E68),"UNFILLED"))} -> MERCER, LLOYD | K66: {=IF(RIGHT(_xlfn._xlws.FILTER(Sheet1!$O$2:$O$333,(Sheet1!$O$2:$O$333=$E66)+(Sheet1!$O$2:$O$333=$E67)+(Sheet1!$O$2:$O$333=$E68),""),4)="POST",CONCATENATE(_xlfn._xlws.FILTER(Sheet1!$A$2:$A$333,(Sheet1!$O$2:$O$333=$E66)+(Sheet1!$O$2:$O$333=$E67)+(Sheet1!$O$2:$O$333=$E68),""),"-","POST"),_xlfn._xlws.FILTER(Sheet1!$A$2:$A$333,(Sheet1!$O$2:$O$333=$E66)+(Sheet1!$O$2:$O$333=$E67)+(Sheet1!$O$2:$O$333=$E68),"UNFILLED"))} -> MERCER, LLOYD | L66: {=IF(RIGHT(_xlfn._xlws.FILTER(Sheet1!$Q$2:$Q$333,(Sheet1!$Q$2:$Q$333=$E66)+(Sheet1!$Q$2:$Q$333=$E67)+(Sheet1!$Q$2:$Q$333=$E68),""),4)="POST",CONCATENATE(_xlfn._xlws.FILTER(Sheet1!$A$2:$A$333,(Sheet1!$Q$2:$Q$333=$E66)+(Sheet1!$Q$2:$Q$333=$E67)+(Sheet1!$Q$2:$Q$333=$E68),""),"-","POST"),_xlfn._xlws.FILTER(Sheet1!$A$2:$A$333,(Sheet1!$Q$2:$Q$333=$E66)+(Sheet1!$Q$2:$Q$333=$E67)+(Sheet1!$Q$2:$Q$333=$E68),"UNFILLED"))} -> MERCER, LLOYD | M66: {=IF(RIGHT(_xlfn._xlws.FILTER(Sheet1!$S$2:$S$333,(Sheet1!$S$2:$S$333=$E66)+(Sheet1!$S$2:$S$333=$E67)+(Sheet1!$S$2:$S$333=$E68),""),4)="POST",CONCATENATE(_xlfn._xlws.FILTER(Sheet1!$A$2:$A$333,(Sheet1!$S$2:$S$333=$E66)+(Sheet1!$S$2:$S$333=$E67)+(Sheet1!$S$2:$S$333=$E68),""),"-","POST"),_xlfn._xlws.FILTER(Sheet1!$A$2:$A$333,(Sheet1!$S$2:$S$333=$E66)+(Sheet1!$S$2:$S$333=$E67)+(Sheet1!$S$2:$S$333=$E68),"UNFILLED"))} -> MERCER, LLOYD
E67: =_xlfn.CONCAT(E66,"-","POST") -> LF-1-POST | I67: ROSSER, JARREL-POST | J67: ROSSER, JARREL-POST | K67: ROSSER, JARREL-POST | L67: ROSSER, JARREL-POST | M67: ROSSER, JARREL-POST
E68: =_xlfn.CONCAT(E66,"-","PILOT") -> LF-1-PILOT
E69: SW-1 | F69: SW - SOUTHERN WEST | G69: {=IF(RIGHT(_xlfn._xlws.FILTER(Sheet1!$G$2:$G$333,(Sheet1!$G$2:$G$333=$E69)+(Sheet1!$G$2:$G$333=$E70)+(Sheet1!$G$2:$G$333=$E71),""),4)="POST",CONCATENATE(_xlfn._xlws.FILTER(Sheet1!$A$2:$A$333,(Sheet1!$G$2:$G$333=$E69)+(Sheet1!$G$2:$G$333=$E70)+(Sheet1!$G$2:$G$333=$E71),""),"-","POST"),_xlfn._xlws.FILTER(Sheet1!$A$2:$A$333,(Sheet1!$G$2:$G$333=$E69)+(Sheet1!$G$2:$G$333=$E70)+(Sheet1!$G$2:$G$333=$E71),"UNFILLED"))} -> CHERRY, ERICA | H69: {=IF(RIGHT(_xlfn._xlws.FILTER(Sheet1!$I$2:$I$333,(Sheet1!$I$2:$I$333=$E69)+(Sheet1!$I$2:$I$333=$E70)+(Sheet1!$I$2:$I$333=$E71),""),4)="POST",CONCATENATE(_xlfn._xlws.FILTER(Sheet1!$A$2:$A$333,(Sheet1!$I$2:$I$333=$E69)+(Sheet1!$I$2:$I$333=$E70)+(Sheet1!$I$2:$I$333=$E71),""),"-","POST"),_xlfn._xlws.FILTER(Sheet1!$A$2:$A$333,(Sheet1!$I$2:$I$333=$E69)+(Sheet1!$I$2:$I$333=$E70)+(Sheet1!$I$2:$I$333=$E71),"UNFILLED"))} -> ROUNSAVALL, MIKE | I69: {=IF(RIGHT(_xlfn._xlws.FILTER(Sheet1!$K$2:$K$333,(Sheet1!$K$2:$K$333=$E69)+(Sheet1!$K$2:$K$333=$E70)+(Sheet1!$K$2:$K$333=$E71),""),4)="POST",CONCATENATE(_xlfn._xlws.FILTER(Sheet1!$A$2:$A$333,(Sheet1!$K$2:$K$333=$E69)+(Sheet1!$K$2:$K$333=$E70)+(Sheet1!$K$2:$K$333=$E71),""),"-","POST"),_xlfn._xlws.FILTER(Sheet1!$A$2:$A$333,(Sheet1!$K$2:$K$333=$E69)+(Sheet1!$K$2:$K$333=$E70)+(Sheet1!$K$2:$K$333=$E71),"UNFILLED"))} -> WASHINGTON, JOHN | J69: {=IF(RIGHT(_xlfn._xlws.FILTER(Sheet1!M$2:M$333,(Sheet1!M$2:M$333=$E69)+(Sheet1!M$2:M$333=$E70)+(Sheet1!M$2:M$333=$E71),""),4)="POST",CONCATENATE(_xlfn._xlws.FILTER(Sheet1!$A$2:$A$333,(Sheet1!M$2:M$333=$E69)+(Sheet1!M$2:M$333=$E70)+(Sheet1!M$2:M$333=$E71),""),"-","POST"),_xlfn._xlws.FILTER(Sheet1!$A$2:$A$333,(Sheet1!M$2:M$333=$E69)+(Sheet1!M$2:M$333=$E70)+(Sheet1!M$2:M$333=$E71),"UNFILLED"))} -> LITTLE, CHRISTAL | K69: {=IF(RIGHT(_xlfn._xlws.FILTER(Sheet1!$O$2:$O$333,(Sheet1!$O$2:$O$333=$E69)+(Sheet1!$O$2:$O$333=$E70)+(Sheet1!$O$2:$O$333=$E71),""),4)="POST",CONCATENATE(_xlfn._xlws.FILTER(Sheet1!$A$2:$A$333,(Sheet1!$O$2:$O$333=$E69)+(Sheet1!$O$2:$O$333=$E70)+(Sheet1!$O$2:$O$333=$E71),""),"-","POST"),_xlfn._xlws.FILTER(Sheet1!$A$2:$A$333,(Sheet1!$O$2:$O$333=$E69)+(Sheet1!$O$2:$O$333=$E70)+(Sheet1!$O$2:$O$333=$E71),"UNFILLED"))} -> LITTLE, CHRISTAL | L69: {=IF(RIGHT(_xlfn._xlws.FILTER(Sheet1!$Q$2:$Q$333,(Sheet1!$Q$2:$Q$333=$E69)+(Sheet1!$Q$2:$Q$333=$E70)+(Sheet1!$Q$2:$Q$333=$E71),""),4)="POST",CONCATENATE(_xlfn._xlws.FILTER(Sheet1!$A$2:$A$333,(Sheet1!$Q$2:$Q$333=$E69)+(Sheet1!$Q$2:$Q$333=$E70)+(Sheet1!$Q$2:$Q$333=$E71),""),"-","POST"),_xlfn._xlws.FILTER(Sheet1!$A$2:$A$333,(Sheet1!$Q$2:$Q$333=$E69)+(Sheet1!$Q$2:$Q$333=$E70)+(Sheet1!$Q$2:$Q$333=$E71),"UNFILLED"))} -> LITTLE, CHRISTAL | M69: {=IF(RIGHT(_xlfn._xlws.FILTER(Sheet1!$S$2:$S$333,(Sheet1!$S$2:$S$333=$E69)+(Sheet1!$S$2:$S$333=$E70)+(Sheet1!$S$2:$S$333=$E71),""),4)="POST",CONCATENATE(_xlfn._xlws.FILTER(Sheet1!$A$2:$A$333,(Sheet1!$S$2:$S$333=$E69)+(Sheet1!$S$2:$S$333=$E70)+(Sheet1!$S$2:$S$333=$E71),""),"-","POST"),_xlfn._xlws.FILTER(Sheet1!$A$2:$A$333,(Sheet1!$S$2:$S$333=$E69)+(Sheet1!$S$2:$S$333=$E70)+(Sheet1!$S$2:$S$333=$E71),"UNFILLED"))} -> CHERRY, ERICA
E70: =_xlfn.CONCAT(E69,"-","POST") -> SW-1-POST
E71: =_xlfn.CONCAT(E69,"-","PILOT") -> SW-1-PILOT
E72: SO-1 | F72: SO - SOUTHERN EAST | G72: {=IF(RIGHT(_xlfn._xlws.FILTER(Sheet1!$G$2:$G$333,(Sheet1!$G$2:$G$333=$E72)+(Sheet1!$G$2:$G$333=$E73)+(Sheet1!$G$2:$G$333=$E74),""),4)="POST",CONCATENATE(_xlfn._xlws.FILTER(Sheet1!$A$2:$A$333,(Sheet1!$G$2:$G$333=$E72)+(Sheet1!$G$2:$G$333=$E73)+(Sheet1!$G$2:$G$333=$E74),""),"-","POST"),_xlfn._xlws.FILTER(Sheet1!$A$2:$A$333,(Sheet1!$G$2:$G$333=$E72)+(Sheet1!$G$2:$G$333=$E73)+(Sheet1!$G$2:$G$333=$E74),"UNFILLED"))} -> CAREY, JON | H72: {=IF(RIGHT(_xlfn._xlws.FILTER(Sheet1!$I$2:$I$333,(Sheet1!$I$2:$I$333=$E72)+(Sheet1!$I$2:$I$333=$E73)+(Sheet1!$I$2:$I$333=$E74),""),4)="POST",CONCATENATE(_xlfn._xlws.FILTER(Sheet1!$A$2:$A$333,(Sheet1!$I$2:$I$333=$E72)+(Sheet1!$I$2:$I$333=$E73)+(Sheet1!$I$2:$I$333=$E74),""),"-","POST"),_xlfn._xlws.FILTER(Sheet1!$A$2:$A$333,(Sheet1!$I$2:$I$333=$E72)+(Sheet1!$I$2:$I$333=$E73)+(Sheet1!$I$2:$I$333=$E74),"UNFILLED"))} -> CAREY, JON | I72: {=IF(RIGHT(_xlfn._xlws.FILTER(Sheet1!$K$2:$K$333,(Sheet1!$K$2:$K$333=$E72)+(Sheet1!$K$2:$K$333=$E73)+(Sheet1!$K$2:$K$333=$E74),""),4)="POST",CONCATENATE(_xlfn._xlws.FILTER(Sheet1!$A$2:$A$333,(Sheet1!$K$2:$K$333=$E72)+(Sheet1!$K$2:$K$333=$E73)+(Sheet1!$K$2:$K$333=$E74),""),"-","POST"),_xlfn._xlws.FILTER(Sheet1!$A$2:$A$333,(Sheet1!$K$2:$K$333=$E72)+(Sheet1!$K$2:$K$333=$E73)+(Sheet1!$K$2:$K$333=$E74),"UNFILLED"))} -> COX, ANDY | J72: {=IF(RIGHT(_xlfn._xlws.FILTER(Sheet1!M$2:M$333,(Sheet1!M$2:M$333=$E72)+(Sheet1!M$2:M$333=$E73)+(Sheet1!M$2:M$333=$E74),""),4)="POST",CONCATENATE(_xlfn._xlws.FILTER(Sheet1!$A$2:$A$333,(Sheet1!M$2:M$333=$E72)+(Sheet1!M$2:M$333=$E73)+(Sheet1!M$2:M$333=$E74),""),"-","POST"),_xlfn._xlws.FILTER(Sheet1!$A$2:$A$333,(Sheet1!M$2:M$333=$E72)+(Sheet1!M$2:M$333=$E73)+(Sheet1!M$2:M$333=$E74),"UNFILLED"))} -> COX, ANDY | K72: {=IF(RIGHT(_xlfn._xlws.FILTER(Sheet1!$O$2:$O$333,(Sheet1!$O$2:$O$333=$E72)+(Sheet1!$O$2:$O$333=$E73)+(Sheet1!$O$2:$O$333=$E74),""),4)="POST",CONCATENATE(_xlfn._xlws.FILTER(Sheet1!$A$2:$A$333,(Sheet1!$O$2:$O$333=$E72)+(Sheet1!$O$2:$O$333=$E73)+(Sheet1!$O$2:$O$333=$E74),""),"-","POST"),_xlfn._xlws.FILTER(Sheet1!$A$2:$A$333,(Sheet1!$O$2:$O$333=$E72)+(Sheet1!$O$2:$O$333=$E73)+(Sheet1!$O$2:$O$333=$E74),"UNFILLED"))} -> COX, ANDY | L72: {=IF(RIGHT(_xlfn._xlws.FILTER(Sheet1!$Q$2:$Q$333,(Sheet1!$Q$2:$Q$333=$E72)+(Sheet1!$Q$2:$Q$333=$E73)+(Sheet1!$Q$2:$Q$333=$E74),""),4)="POST",CONCATENATE(_xlfn._xlws.FILTER(Sheet1!$A$2:$A$333,(Sheet1!$Q$2:$Q$333=$E72)+(Sheet1!$Q$2:$Q$333=$E73)+(Sheet1!$Q$2:$Q$333=$E74),""),"-","POST"),_xlfn._xlws.FILTER(Sheet1!$A$2:$A$333,(Sheet1!$Q$2:$Q$333=$E72)+(Sheet1!$Q$2:$Q$333=$E73)+(Sheet1!$Q$2:$Q$333=$E74),"UNFILLED"))} -> COX, ANDY | M72: {=IF(RIGHT(_xlfn._xlws.FILTER(Sheet1!$S$2:$S$333,(Sheet1!$S$2:$S$333=$E72)+(Sheet1!$S$2:$S$333=$E73)+(Sheet1!$S$2:$S$333=$E74),""),4)="POST",CONCATENATE(_xlfn._xlws.FILTER(Sheet1!$A$2:$A$333,(Sheet1!$S$2:$S$333=$E72)+(Sheet1!$S$2:$S$333=$E73)+(Sheet1!$S$2:$S$333=$E74),""),"-","POST"),_xlfn._xlws.FILTER(Sheet1!$A$2:$A$333,(Sheet1!$S$2:$S$333=$E72)+(Sheet1!$S$2:$S$333=$E73)+(Sheet1!$S$2:$S$333=$E74),"UNFILLED"))} -> COX, ANDY
E73: =_xlfn.CONCAT(E72,"-","POST") -> SO-1-POST
E74: =_xlfn.CONCAT(E72,"-","PILOT") -> SO-1-PILOT
E75: KY-1 | F75: KY - KENTUCKY | G75: {=IF(RIGHT(_xlfn._xlws.FILTER(Sheet1!$G$2:$G$333,(Sheet1!$G$2:$G$333=$E75)+(Sheet1!$G$2:$G$333=$E76)+(Sheet1!$G$2:$G$333=$E77),""),4)="POST",CONCATENATE(_xlfn._xlws.FILTER(Sheet1!$A$2:$A$333,(Sheet1!$G$2:$G$333=$E75)+(Sheet1!$G$2:$G$333=$E76)+(Sheet1!$G$2:$G$333=$E77),""),"-","POST"),_xlfn._xlws.FILTER(Sheet1!$A$2:$A$333,(Sheet1!$G$2:$G$333=$E75)+(Sheet1!$G$2:$G$333=$E76)+(Sheet1!$G$2:$G$333=$E77),"UNFILLED"))} -> DORTCH, NANCY | H75: {=IF(RIGHT(_xlfn._xlws.FILTER(Sheet1!$I$2:$I$333,(Sheet1!$I$2:$I$333=$E75)+(Sheet1!$I$2:$I$333=$E76)+(Sheet1!$I$2:$I$333=$E77),""),4)="POST",CONCATENATE(_xlfn._xlws.FILTER(Sheet1!$A$2:$A$333,(Sheet1!$I$2:$I$333=$E75)+(Sheet1!$I$2:$I$333=$E76)+(Sheet1!$I$2:$I$333=$E77),""),"-","POST"),_xlfn._xlws.FILTER(Sheet1!$A$2:$A$333,(Sheet1!$I$2:$I$333=$E75)+(Sheet1!$I$2:$I$333=$E76)+(Sheet1!$I$2:$I$333=$E77),"UNFILLED"))} -> DORTCH, NANCY | I75: {=IF(RIGHT(_xlfn._xlws.FILTER(Sheet1!$K$2:$K$333,(Sheet1!$K$2:$K$333=$E75)+(Sheet1!$K$2:$K$333=$E76)+(Sheet1!$K$2:$K$333=$E77),""),4)="POST",CONCATENATE(_xlfn._xlws.FILTER(Sheet1!$A$2:$A$333,(Sheet1!$K$2:$K$333=$E75)+(Sheet1!$K$2:$K$333=$E76)+(Sheet1!$K$2:$K$333=$E77),""),"-","POST"),_xlfn._xlws.FILTER(Sheet1!$A$2:$A$333,(Sheet1!$K$2:$K$333=$E75)+(Sheet1!$K$2:$K$333=$E76)+(Sheet1!$K$2:$K$333=$E77),"UNFILLED"))} -> DORTCH, NANCY | J75: {=IF(RIGHT(_xlfn._xlws.FILTER(Sheet1!M$2:M$333,(Sheet1!M$2:M$333=$E75)+(Sheet1!M$2:M$333=$E76)+(Sheet1!M$2:M$333=$E77),""),4)="POST",CONCATENATE(_xlfn._xlws.FILTER(Sheet1!$A$2:$A$333,(Sheet1!M$2:M$333=$E75)+(Sheet1!M$2:M$333=$E76)+(Sheet1!M$2:M$333=$E77),""),"-","POST"),_xlfn._xlws.FILTER(Sheet1!$A$2:$A$333,(Sheet1!M$2:M$333=$E75)+(Sheet1!M$2:M$333=$E76)+(Sheet1!M$2:M$333=$E77),"UNFILLED"))} -> HERRING, DARYL | K75: {=IF(RIGHT(_xlfn._xlws.FILTER(Sheet1!$O$2:$O$333,(Sheet1!$O$2:$O$333=$E75)+(Sheet1!$O$2:$O$333=$E76)+(Sheet1!$O$2:$O$333=$E77),""),4)="POST",CONCATENATE(_xlfn._xlws.FILTER(Sheet1!$A$2:$A$333,(Sheet1!$O$2:$O$333=$E75)+(Sheet1!$O$2:$O$333=$E76)+(Sheet1!$O$2:$O$333=$E77),""),"-","POST"),_xlfn._xlws.FILTER(Sheet1!$A$2:$A$333,(Sheet1!$O$2:$O$333=$E75)+(Sheet1!$O$2:$O$333=$E76)+(Sheet1!$O$2:$O$333=$E77),"UNFILLED"))} -> HERRING, DARYL | L75: {=IF(RIGHT(_xlfn._xlws.FILTER(Sheet1!$Q$2:$Q$333,(Sheet1!$Q$2:$Q$333=$E75)+(Sheet1!$Q$2:$Q$333=$E76)+(Sheet1!$Q$2:$Q$333=$E77),""),4)="POST",CONCATENATE(_xlfn._xlws.FILTER(Sheet1!$A$2:$A$333,(Sheet1!$Q$2:$Q$333=$E75)+(Sheet1!$Q$2:$Q$333=$E76)+(Sheet1!$Q$2:$Q$333=$E77),""),"-","POST"),_xlfn._xlws.FILTER(Sheet1!$A$2:$A$333,(Sheet1!$Q$2:$Q$333=$E75)+(Sheet1!$Q$2:$Q$333=$E76)+(Sheet1!$Q$2:$Q$333=$E77),"UNFILLED"))} -> DORTCH, NANCY | M75: {=IF(RIGHT(_xlfn._xlws.FILTER(Sheet1!$S$2:$S$333,(Sheet1!$S$2:$S$333=$E75)+(Sheet1!$S$2:$S$333=$E76)+(Sheet1!$S$2:$S$333=$E77),""),4)="POST",CONCATENATE(_xlfn._xlws.FILTER(Sheet1!$A$2:$A$333,(Sheet1!$S$2:$S$333=$E75)+(Sheet1!$S$2:$S$333=$E76)+(Sheet1!$S$2:$S$333=$E77),""),"-","POST"),_xlfn._xlws.FILTER(Sheet1!$A$2:$A$333,(Sheet1!$S$2:$S$333=$E75)+(Sheet1!$S$2:$S$333=$E76)+(Sheet1!$S$2:$S$333=$E77),"UNFILLED"))} -> DORTCH, NANCY
E76: =_xlfn.CONCAT(E75,"-","POST") -> KY-1-POST
E77: =_xlfn.CONCAT(E75,"-","PILOT") -> KY-1-PILOT
E78: QC-1 | F78: QC - QUEEN CITY | G78: {=IF(RIGHT(_xlfn._xlws.FILTER(Sheet1!$G$2:$G$333,(Sheet1!$G$2:$G$333=$E78)+(Sheet1!$G$2:$G$333=$E79)+(Sheet1!$G$2:$G$333=$E80),""),4)="POST",CONCATENATE(_xlfn._xlws.FILTER(Sheet1!$A$2:$A$333,(Sheet1!$G$2:$G$333=$E78)+(Sheet1!$G$2:$G$333=$E79)+(Sheet1!$G$2:$G$333=$E80),""),"-","POST"),_xlfn._xlws.FILTER(Sheet1!$A$2:$A$333,(Sheet1!$G$2:$G$333=$E78)+(Sheet1!$G$2:$G$333=$E79)+(Sheet1!$G$2:$G$333=$E80),"UNFILLED"))} -> MALCOLM, JOSH | H78: {=IF(RIGHT(_xlfn._xlws.FILTER(Sheet1!$I$2:$I$333,(Sheet1!$I$2:$I$333=$E78)+(Sheet1!$I$2:$I$333=$E79)+(Sheet1!$I$2:$I$333=$E80),""),4)="POST",CONCATENATE(_xlfn._xlws.FILTER(Sheet1!$A$2:$A$333,(Sheet1!$I$2:$I$333=$E78)+(Sheet1!$I$2:$I$333=$E79)+(Sheet1!$I$2:$I$333=$E80),""),"-","POST"),_xlfn._xlws.FILTER(Sheet1!$A$2:$A$333,(Sheet1!$I$2:$I$333=$E78)+(Sheet1!$I$2:$I$333=$E79)+(Sheet1!$I$2:$I$333=$E80),"UNFILLED"))} -> STAMETS, LUCAS | I78: {=IF(RIGHT(_xlfn._xlws.FILTER(Sheet1!$K$2:$K$333,(Sheet1!$K$2:$K$333=$E78)+(Sheet1!$K$2:$K$333=$E79)+(Sheet1!$K$2:$K$333=$E80),""),4)="POST",CONCATENATE(_xlfn._xlws.FILTER(Sheet1!$A$2:$A$333,(Sheet1!$K$2:$K$333=$E78)+(Sheet1!$K$2:$K$333=$E79)+(Sheet1!$K$2:$K$333=$E80),""),"-","POST"),_xlfn._xlws.FILTER(Sheet1!$A$2:$A$333,(Sheet1!$K$2:$K$333=$E78)+(Sheet1!$K$2:$K$333=$E79)+(Sheet1!$K$2:$K$333=$E80),"UNFILLED"))} -> KIRKPATRICK, DOUG | J78: {=IF(RIGHT(_xlfn._xlws.FILTER(Sheet1!M$2:M$333,(Sheet1!M$2:M$333=$E78)+(Sheet1!M$2:M$333=$E79)+(Sheet1!M$2:M$333=$E80),""),4)="POST",CONCATENATE(_xlfn._xlws.FILTER(Sheet1!$A$2:$A$333,(Sheet1!M$2:M$333=$E78)+(Sheet1!M$2:M$333=$E79)+(Sheet1!M$2:M$333=$E80),""),"-","POST"),_xlfn._xlws.FILTER(Sheet1!$A$2:$A$333,(Sheet1!M$2:M$333=$E78)+(Sheet1!M$2:M$333=$E79)+(Sheet1!M$2:M$333=$E80),"UNFILLED"))} -> KIRKPATRICK, DOUG | K78: {=IF(RIGHT(_xlfn._xlws.FILTER(Sheet1!$O$2:$O$333,(Sheet1!$O$2:$O$333=$E78)+(Sheet1!$O$2:$O$333=$E79)+(Sheet1!$O$2:$O$333=$E80),""),4)="POST",CONCATENATE(_xlfn._xlws.FILTER(Sheet1!$A$2:$A$333,(Sheet1!$O$2:$O$333=$E78)+(Sheet1!$O$2:$O$333=$E79)+(Sheet1!$O$2:$O$333=$E80),""),"-","POST"),_xlfn._xlws.FILTER(Sheet1!$A$2:$A$333,(Sheet1!$O$2:$O$333=$E78)+(Sheet1!$O$2:$O$333=$E79)+(Sheet1!$O$2:$O$333=$E80),"UNFILLED"))} -> FALLINGS-AMIS, JAMISON | L78: {=IF(RIGHT(_xlfn._xlws.FILTER(Sheet1!$Q$2:$Q$333,(Sheet1!$Q$2:$Q$333=$E78)+(Sheet1!$Q$2:$Q$333=$E79)+(Sheet1!$Q$2:$Q$333=$E80),""),4)="POST",CONCATENATE(_xlfn._xlws.FILTER(Sheet1!$A$2:$A$333,(Sheet1!$Q$2:$Q$333=$E78)+(Sheet1!$Q$2:$Q$333=$E79)+(Sheet1!$Q$2:$Q$333=$E80),""),"-","POST"),_xlfn._xlws.FILTER(Sheet1!$A$2:$A$333,(Sheet1!$Q$2:$Q$333=$E78)+(Sheet1!$Q$2:$Q$333=$E79)+(Sheet1!$Q$2:$Q$333=$E80),"UNFILLED"))} -> KIRKPATRICK, DOUG | M78: {=IF(RIGHT(_xlfn._xlws.FILTER(Sheet1!$S$2:$S$333,(Sheet1!$S$2:$S$333=$E78)+(Sheet1!$S$2:$S$333=$E79)+(Sheet1!$S$2:$S$333=$E80),""),4)="POST",CONCATENATE(_xlfn._xlws.FILTER(Sheet1!$A$2:$A$333,(Sheet1!$S$2:$S$333=$E78)+(Sheet1!$S$2:$S$333=$E79)+(Sheet1!$S$2:$S$333=$E80),""),"-","POST"),_xlfn._xlws.FILTER(Sheet1!$A$2:$A$333,(Sheet1!$S$2:$S$333=$E78)+(Sheet1!$S$2:$S$333=$E79)+(Sheet1!$S$2:$S$333=$E80),"UNFILLED"))} -> KIRKPATRICK, DOUG
E79: =_xlfn.CONCAT(E78,"-","POST") -> QC-1-POST
E80: =_xlfn.CONCAT(E78,"-","PILOT") -> QC-1-PILOT
F82: NORTHERN REGION NETWORK OPERATIONS CENTER DISPATCHER SCHEDULE
G85: =TEXT(G86,"dddd") -> Saturday | H85: =TEXT(H86,"dddd") -> Sunday | I85: =TEXT(I86,"dddd") -> Monday | J85: =TEXT(J86,"dddd") -> Tuesday | K85: =TEXT(K86,"dddd") -> Wednesday | L85: =TEXT(L86,"dddd") -> Thursday | M85: =TEXT(M86,"dddd") -> Friday
F86: DESK | G86: =+G5 -> 45969 | H86: =+G86+1 -> 45970 | I86: =+H86+1 -> 45971 | J86: =+I86+1 -> 45972 | K86: =+J86+1 -> 45973 | L86: =+K86+1 -> 45974 | M86: =+L86+1 -> 45975
F87: KEYSTONE
C88: 2ND SHIFT | E88: HT-2 | F88: HT - HARRISBURG TERMINAL | G88: {=IF(RIGHT(_xlfn._xlws.FILTER(Sheet1!$G$2:$G$333,(Sheet1!$G$2:$G$333=$E88)+(Sheet1!$G$2:$G$333=$E89)+(Sheet1!$G$2:$G$333=$E90),""),4)="POST",CONCATENATE(_xlfn._xlws.FILTER(Sheet1!$A$2:$A$333,(Sheet1!$G$2:$G$333=$E88)+(Sheet1!$G$2:$G$333=$E89)+(Sheet1!$G$2:$G$333=$E90),""),"-","POST"),_xlfn._xlws.FILTER(Sheet1!$A$2:$A$333,(Sheet1!$G$2:$G$333=$E88)+(Sheet1!$G$2:$G$333=$E89)+(Sheet1!$G$2:$G$333=$E90),"UNFILLED"))} -> DAVIS, MATT | H88: {=IF(RIGHT(_xlfn._xlws.FILTER(Sheet1!$I$2:$I$333,(Sheet1!$I$2:$I$333=$E88)+(Sheet1!$I$2:$I$333=$E89)+(Sheet1!$I$2:$I$333=$E90),""),4)="POST",CONCATENATE(_xlfn._xlws.FILTER(Sheet1!$A$2:$A$333,(Sheet1!$I$2:$I$333=$E88)+(Sheet1!$I$2:$I$333=$E89)+(Sheet1!$I$2:$I$333=$E90),""),"-","POST"),_xlfn._xlws.FILTER(Sheet1!$A$2:$A$333,(Sheet1!$I$2:$I$333=$E88)+(Sheet1!$I$2:$I$333=$E89)+(Sheet1!$I$2:$I$333=$E90),"UNFILLED"))} -> CLAFFY, DEIDRE | I88: {=IF(RIGHT(_xlfn._xlws.FILTER(Sheet1!$K$2:$K$333,(Sheet1!$K$2:$K$333=$E88)+(Sheet1!$K$2:$K$333=$E89)+(Sheet1!$K$2:$K$333=$E90),""),4)="POST",CONCATENATE(_xlfn._xlws.FILTER(Sheet1!$A$2:$A$333,(Sheet1!$K$2:$K$333=$E88)+(Sheet1!$K$2:$K$333=$E89)+(Sheet1!$K$2:$K$333=$E90),""),"-","POST"),_xlfn._xlws.FILTER(Sheet1!$A$2:$A$333,(Sheet1!$K$2:$K$333=$E88)+(Sheet1!$K$2:$K$333=$E89)+(Sheet1!$K$2:$K$333=$E90),"UNFILLED"))} -> CLAFFY, DEIDRE | J88: {=IF(RIGHT(_xlfn._xlws.FILTER(Sheet1!M$2:M$333,(Sheet1!M$2:M$333=$E88)+(Sheet1!M$2:M$333=$E89)+(Sheet1!M$2:M$333=$E90),""),4)="POST",CONCATENATE(_xlfn._xlws.FILTER(Sheet1!$A$2:$A$333,(Sheet1!M$2:M$333=$E88)+(Sheet1!M$2:M$333=$E89)+(Sheet1!M$2:M$333=$E90),""),"-","POST"),_xlfn._xlws.FILTER(Sheet1!$A$2:$A$333,(Sheet1!M$2:M$333=$E88)+(Sheet1!M$2:M$333=$E89)+(Sheet1!M$2:M$333=$E90),"UNFILLED"))} -> THOMAS, RONNIE | K88: {=IF(RIGHT(_xlfn._xlws.FILTER(Sheet1!$O$2:$O$333,(Sheet1!$O$2:$O$333=$E88)+(Sheet1!$O$2:$O$333=$E89)+(Sheet1!$O$2:$O$333=$E90),""),4)="POST",CONCATENATE(_xlfn._xlws.FILTER(Sheet1!$A$2:$A$333,(Sheet1!$O$2:$O$333=$E88)+(Sheet1!$O$2:$O$333=$E89)+(Sheet1!$O$2:$O$333=$E90),""),"-","POST"),_xlfn._xlws.FILTER(Sheet1!$A$2:$A$333,(Sheet1!$O$2:$O$333=$E88)+(Sheet1!$O$2:$O$333=$E89)+(Sheet1!$O$2:$O$333=$E90),"UNFILLED"))} -> DAVIS, MATT | L88: {=IF(RIGHT(_xlfn._xlws.FILTER(Sheet1!$Q$2:$Q$333,(Sheet1!$Q$2:$Q$333=$E88)+(Sheet1!$Q$2:$Q$333=$E89)+(Sheet1!$Q$2:$Q$333=$E90),""),4)="POST",CONCATENATE(_xlfn._xlws.FILTER(Sheet1!$A$2:$A$333,(Sheet1!$Q$2:$Q$333=$E88)+(Sheet1!$Q$2:$Q$333=$E89)+(Sheet1!$Q$2:$Q$333=$E90),""),"-","POST"),_xlfn._xlws.FILTER(Sheet1!$A$2:$A$333,(Sheet1!$Q$2:$Q$333=$E88)+(Sheet1!$Q$2:$Q$333=$E89)+(Sheet1!$Q$2:$Q$333=$E90),"UNFILLED"))} -> DAVIS, MATT | M88: {=IF(RIGHT(_xlfn._xlws.FILTER(Sheet1!$S$2:$S$333,(Sheet1!$S$2:$S$333=$E88)+(Sheet1!$S$2:$S$333=$E89)+(Sheet1!$S$2:$S$333=$E90),""),4)="POST",CONCATENATE(_xlfn._xlws.FILTER(Sheet1!$A$2:$A$333,(Sheet1!$S$2:$S$333=$E88)+(Sheet1!$S$2:$S$333=$E89)+(Sheet1!$S$2:$S$333=$E90),""),"-","POST"),_xlfn._xlws.FILTER(Sheet1!$A$2:$A$333,(Sheet1!$S$2:$S$333=$E88)+(Sheet1!$S$2:$S$333=$E89)+(Sheet1!$S$2:$S$333=$E90),"UNFILLED"))} -> DAVIS, MATT
E89: =_xlfn.CONCAT(E88,"-","POST") -> HT-2-POST
E90: =_xlfn.CONCAT(E88,"-","PILOT") -> HT-2-PILOT
E91: HE-2 | F91: HE - HARRISBURG EAST | G91: {=IF(RIGHT(_xlfn._xlws.FILTER(Sheet1!$G$2:$G$333,(Sheet1!$G$2:$G$333=$E91)+(Sheet1!$G$2:$G$333=$E92)+(Sheet1!$G$2:$G$333=$E93),""),4)="POST",CONCATENATE(_xlfn._xlws.FILTER(Sheet1!$A$2:$A$333,(Sheet1!$G$2:$G$333=$E91)+(Sheet1!$G$2:$G$333=$E92)+(Sheet1!$G$2:$G$333=$E93),""),"-","POST"),_xlfn._xlws.FILTER(Sheet1!$A$2:$A$333,(Sheet1!$G$2:$G$333=$E91)+(Sheet1!$G$2:$G$333=$E92)+(Sheet1!$G$2:$G$333=$E93),"UNFILLED"))} -> MCAULEY, LESLIE | H91: {=IF(RIGHT(_xlfn._xlws.FILTER(Sheet1!$I$2:$I$333,(Sheet1!$I$2:$I$333=$E91)+(Sheet1!$I$2:$I$333=$E92)+(Sheet1!$I$2:$I$333=$E93),""),4)="POST",CONCATENATE(_xlfn._xlws.FILTER(Sheet1!$A$2:$A$333,(Sheet1!$I$2:$I$333=$E91)+(Sheet1!$I$2:$I$333=$E92)+(Sheet1!$I$2:$I$333=$E93),""),"-","POST"),_xlfn._xlws.FILTER(Sheet1!$A$2:$A$333,(Sheet1!$I$2:$I$333=$E91)+(Sheet1!$I$2:$I$333=$E92)+(Sheet1!$I$2:$I$333=$E93),"UNFILLED"))} -> MCAULEY, LESLIE | I91: {=IF(RIGHT(_xlfn._xlws.FILTER(Sheet1!$K$2:$K$333,(Sheet1!$K$2:$K$333=$E91)+(Sheet1!$K$2:$K$333=$E92)+(Sheet1!$K$2:$K$333=$E93),""),4)="POST",CONCATENATE(_xlfn._xlws.FILTER(Sheet1!$A$2:$A$333,(Sheet1!$K$2:$K$333=$E91)+(Sheet1!$K$2:$K$333=$E92)+(Sheet1!$K$2:$K$333=$E93),""),"-","POST"),_xlfn._xlws.FILTER(Sheet1!$A$2:$A$333,(Sheet1!$K$2:$K$333=$E91)+(Sheet1!$K$2:$K$333=$E92)+(Sheet1!$K$2:$K$333=$E93),"UNFILLED"))} -> JONES, ANTHONY | J91: {=IF(RIGHT(_xlfn._xlws.FILTER(Sheet1!M$2:M$333,(Sheet1!M$2:M$333=$E91)+(Sheet1!M$2:M$333=$E92)+(Sheet1!M$2:M$333=$E93),""),4)="POST",CONCATENATE(_xlfn._xlws.FILTER(Sheet1!$A$2:$A$333,(Sheet1!M$2:M$333=$E91)+(Sheet1!M$2:M$333=$E92)+(Sheet1!M$2:M$333=$E93),""),"-","POST"),_xlfn._xlws.FILTER(Sheet1!$A$2:$A$333,(Sheet1!M$2:M$333=$E91)+(Sheet1!M$2:M$333=$E92)+(Sheet1!M$2:M$333=$E93),"UNFILLED"))} -> JONES, ANTHONY | K91: {=IF(RIGHT(_xlfn._xlws.FILTER(Sheet1!$O$2:$O$333,(Sheet1!$O$2:$O$333=$E91)+(Sheet1!$O$2:$O$333=$E92)+(Sheet1!$O$2:$O$333=$E93),""),4)="POST",CONCATENATE(_xlfn._xlws.FILTER(Sheet1!$A$2:$A$333,(Sheet1!$O$2:$O$333=$E91)+(Sheet1!$O$2:$O$333=$E92)+(Sheet1!$O$2:$O$333=$E93),""),"-","POST"),_xlfn._xlws.FILTER(Sheet1!$A$2:$A$333,(Sheet1!$O$2:$O$333=$E91)+(Sheet1!$O$2:$O$333=$E92)+(Sheet1!$O$2:$O$333=$E93),"UNFILLED"))} -> MCAULEY, LESLIE | L91: {=IF(RIGHT(_xlfn._xlws.FILTER(Sheet1!$Q$2:$Q$333,(Sheet1!$Q$2:$Q$333=$E91)+(Sheet1!$Q$2:$Q$333=$E92)+(Sheet1!$Q$2:$Q$333=$E93),""),4)="POST",CONCATENATE(_xlfn._xlws.FILTER(Sheet1!$A$2:$A$333,(Sheet1!$Q$2:$Q$333=$E91)+(Sheet1!$Q$2:$Q$333=$E92)+(Sheet1!$Q$2:$Q$333=$E93),""),"-","POST"),_xlfn._xlws.FILTER(Sheet1!$A$2:$A$333,(Sheet1!$Q$2:$Q$333=$E91)+(Sheet1!$Q$2:$Q$333=$E92)+(Sheet1!$Q$2:$Q$333=$E93),"UNFILLED"))} -> MCAULEY, LESLIE | M91: {=IF(RIGHT(_xlfn._xlws.FILTER(Sheet1!$S$2:$S$333,(Sheet1!$S$2:$S$333=$E91)+(Sheet1!$S$2:$S$333=$E92)+(Sheet1!$S$2:$S$333=$E93),""),4)="POST",CONCATENATE(_xlfn._xlws.FILTER(Sheet1!$A$2:$A$333,(Sheet1!$S$2:$S$333=$E91)+(Sheet1!$S$2:$S$333=$E92)+(Sheet1!$S$2:$S$333=$E93),""),"-","POST"),_xlfn._xlws.FILTER(Sheet1!$A$2:$A$333,(Sheet1!$S$2:$S$333=$E91)+(Sheet1!$S$2:$S$333=$E92)+(Sheet1!$S$2:$S$333=$E93),"UNFILLED"))} -> MCAULEY, LESLIE
E92: =_xlfn.CONCAT(E91,"-","POST") -> HE-2-POST
E93: =_xlfn.CONCAT(E91,"-","PILOT") -> HE-2-PILOT
E94: RL-2 | F94: RL - RIVERLINE | G94: {=IF(RIGHT(_xlfn._xlws.FILTER(Sheet1!$G$2:$G$333,(Sheet1!$G$2:$G$333=$E94)+(Sheet1!$G$2:$G$333=$E95)+(Sheet1!$G$2:$G$333=$E96),""),4)="POST",CONCATENATE(_xlfn._xlws.FILTER(Sheet1!$A$2:$A$333,(Sheet1!$G$2:$G$333=$E94)+(Sheet1!$G$2:$G$333=$E95)+(Sheet1!$G$2:$G$333=$E96),""),"-","POST"),_xlfn._xlws.FILTER(Sheet1!$A$2:$A$333,(Sheet1!$G$2:$G$333=$E94)+(Sheet1!$G$2:$G$333=$E95)+(Sheet1!$G$2:$G$333=$E96),"UNFILLED"))} -> CROUTHARMEL, JASON | H94: {=IF(RIGHT(_xlfn._xlws.FILTER(Sheet1!$I$2:$I$333,(Sheet1!$I$2:$I$333=$E94)+(Sheet1!$I$2:$I$333=$E95)+(Sheet1!$I$2:$I$333=$E96),""),4)="POST",CONCATENATE(_xlfn._xlws.FILTER(Sheet1!$A$2:$A$333,(Sheet1!$I$2:$I$333=$E94)+(Sheet1!$I$2:$I$333=$E95)+(Sheet1!$I$2:$I$333=$E96),""),"-","POST"),_xlfn._xlws.FILTER(Sheet1!$A$2:$A$333,(Sheet1!$I$2:$I$333=$E94)+(Sheet1!$I$2:$I$333=$E95)+(Sheet1!$I$2:$I$333=$E96),"UNFILLED"))} -> BOYD, MIA | I94: {=IF(RIGHT(_xlfn._xlws.FILTER(Sheet1!$K$2:$K$333,(Sheet1!$K$2:$K$333=$E94)+(Sheet1!$K$2:$K$333=$E95)+(Sheet1!$K$2:$K$333=$E96),""),4)="POST",CONCATENATE(_xlfn._xlws.FILTER(Sheet1!$A$2:$A$333,(Sheet1!$K$2:$K$333=$E94)+(Sheet1!$K$2:$K$333=$E95)+(Sheet1!$K$2:$K$333=$E96),""),"-","POST"),_xlfn._xlws.FILTER(Sheet1!$A$2:$A$333,(Sheet1!$K$2:$K$333=$E94)+(Sheet1!$K$2:$K$333=$E95)+(Sheet1!$K$2:$K$333=$E96),"UNFILLED"))} -> BOYD, MIA | J94: {=IF(RIGHT(_xlfn._xlws.FILTER(Sheet1!M$2:M$333,(Sheet1!M$2:M$333=$E94)+(Sheet1!M$2:M$333=$E95)+(Sheet1!M$2:M$333=$E96),""),4)="POST",CONCATENATE(_xlfn._xlws.FILTER(Sheet1!$A$2:$A$333,(Sheet1!M$2:M$333=$E94)+(Sheet1!M$2:M$333=$E95)+(Sheet1!M$2:M$333=$E96),""),"-","POST"),_xlfn._xlws.FILTER(Sheet1!$A$2:$A$333,(Sheet1!M$2:M$333=$E94)+(Sheet1!M$2:M$333=$E95)+(Sheet1!M$2:M$333=$E96),"UNFILLED"))} -> CROUTHARMEL, JASON | K94: {=IF(RIGHT(_xlfn._xlws.FILTER(Sheet1!$O$2:$O$333,(Sheet1!$O$2:$O$333=$E94)+(Sheet1!$O$2:$O$333=$E95)+(Sheet1!$O$2:$O$333=$E96),""),4)="POST",CONCATENATE(_xlfn._xlws.FILTER(Sheet1!$A$2:$A$333,(Sheet1!$O$2:$O$333=$E94)+(Sheet1!$O$2:$O$333=$E95)+(Sheet1!$O$2:$O$333=$E96),""),"-","POST"),_xlfn._xlws.FILTER(Sheet1!$A$2:$A$333,(Sheet1!$O$2:$O$333=$E94)+(Sheet1!$O$2:$O$333=$E95)+(Sheet1!$O$2:$O$333=$E96),"UNFILLED"))} -> CROUTHARMEL, JASON | L94: {=IF(RIGHT(_xlfn._xlws.FILTER(Sheet1!$Q$2:$Q$333,(Sheet1!$Q$2:$Q$333=$E94)+(Sheet1!$Q$2:$Q$333=$E95)+(Sheet1!$Q$2:$Q$333=$E96),""),4)="POST",CONCATENATE(_xlfn._xlws.FILTER(Sheet1!$A$2:$A$333,(Sheet1!$Q$2:$Q$333=$E94)+(Sheet1!$Q$2:$Q$333=$E95)+(Sheet1!$Q$2:$Q$333=$E96),""),"-","POST"),_xlfn._xlws.FILTER(Sheet1!$A$2:$A$333,(Sheet1!$Q$2:$Q$333=$E94)+(Sheet1!$Q$2:$Q$333=$E95)+(Sheet1!$Q$2:$Q$333=$E96),"UNFILLED"))} -> CROUTHARMEL, JASON | M94: {=IF(RIGHT(_xlfn._xlws.FILTER(Sheet1!$S$2:$S$333,(Sheet1!$S$2:$S$333=$E94)+(Sheet1!$S$2:$S$333=$E95)+(Sheet1!$S$2:$S$333=$E96),""),4)="POST",CONCATENATE(_xlfn._xlws.FILTER(Sheet1!$A$2:$A$333,(Sheet1!$S$2:$S$333=$E94)+(Sheet1!$S$2:$S$333=$E95)+(Sheet1!$S$2:$S$333=$E96),""),"-","POST"),_xlfn._xlws.FILTER(Sheet1!$A$2:$A$333,(Sheet1!$S$2:$S$333=$E94)+(Sheet1!$S$2:$S$333=$E95)+(Sheet1!$S$2:$S$333=$E96),"UNFILLED"))} -> CROUTHARMEL, JASON
E95: =_xlfn.CONCAT(E94,"-","POST") -> RL-2-POST | M95: TUCKER, JUSTIN-POST
E96: =_xlfn.CONCAT(E94,"-","PILOT") -> RL-2-PILOT
E97: DH-2 | F97: DH - D & H | G97: {=IF(RIGHT(_xlfn._xlws.FILTER(Sheet1!$G$2:$G$333,(Sheet1!$G$2:$G$333=$E97)+(Sheet1!$G$2:$G$333=$E98)+(Sheet1!$G$2:$G$333=$E99),""),4)="POST",CONCATENATE(_xlfn._xlws.FILTER(Sheet1!$A$2:$A$333,(Sheet1!$G$2:$G$333=$E97)+(Sheet1!$G$2:$G$333=$E98)+(Sheet1!$G$2:$G$333=$E99),""),"-","POST"),_xlfn._xlws.FILTER(Sheet1!$A$2:$A$333,(Sheet1!$G$2:$G$333=$E97)+(Sheet1!$G$2:$G$333=$E98)+(Sheet1!$G$2:$G$333=$E99),"UNFILLED"))} -> KEYS, MATTHEW | H97: {=IF(RIGHT(_xlfn._xlws.FILTER(Sheet1!$I$2:$I$333,(Sheet1!$I$2:$I$333=$E97)+(Sheet1!$I$2:$I$333=$E98)+(Sheet1!$I$2:$I$333=$E99),""),4)="POST",CONCATENATE(_xlfn._xlws.FILTER(Sheet1!$A$2:$A$333,(Sheet1!$I$2:$I$333=$E97)+(Sheet1!$I$2:$I$333=$E98)+(Sheet1!$I$2:$I$333=$E99),""),"-","POST"),_xlfn._xlws.FILTER(Sheet1!$A$2:$A$333,(Sheet1!$I$2:$I$333=$E97)+(Sheet1!$I$2:$I$333=$E98)+(Sheet1!$I$2:$I$333=$E99),"UNFILLED"))} -> KEYS, MATTHEW | I97: {=IF(RIGHT(_xlfn._xlws.FILTER(Sheet1!$K$2:$K$333,(Sheet1!$K$2:$K$333=$E97)+(Sheet1!$K$2:$K$333=$E98)+(Sheet1!$K$2:$K$333=$E99),""),4)="POST",CONCATENATE(_xlfn._xlws.FILTER(Sheet1!$A$2:$A$333,(Sheet1!$K$2:$K$333=$E97)+(Sheet1!$K$2:$K$333=$E98)+(Sheet1!$K$2:$K$333=$E99),""),"-","POST"),_xlfn._xlws.FILTER(Sheet1!$A$2:$A$333,(Sheet1!$K$2:$K$333=$E97)+(Sheet1!$K$2:$K$333=$E98)+(Sheet1!$K$2:$K$333=$E99),"UNFILLED"))} -> ZEIGLER, KIMBERLY | J97: {=IF(RIGHT(_xlfn._xlws.FILTER(Sheet1!M$2:M$333,(Sheet1!M$2:M$333=$E97)+(Sheet1!M$2:M$333=$E98)+(Sheet1!M$2:M$333=$E99),""),4)="POST",CONCATENATE(_xlfn._xlws.FILTER(Sheet1!$A$2:$A$333,(Sheet1!M$2:M$333=$E97)+(Sheet1!M$2:M$333=$E98)+(Sheet1!M$2:M$333=$E99),""),"-","POST"),_xlfn._xlws.FILTER(Sheet1!$A$2:$A$333,(Sheet1!M$2:M$333=$E97)+(Sheet1!M$2:M$333=$E98)+(Sheet1!M$2:M$333=$E99),"UNFILLED"))} -> ZEIGLER, KIMBERLY | K97: {=IF(RIGHT(_xlfn._xlws.FILTER(Sheet1!$O$2:$O$333,(Sheet1!$O$2:$O$333=$E97)+(Sheet1!$O$2:$O$333=$E98)+(Sheet1!$O$2:$O$333=$E99),""),4)="POST",CONCATENATE(_xlfn._xlws.FILTER(Sheet1!$A$2:$A$333,(Sheet1!$O$2:$O$333=$E97)+(Sheet1!$O$2:$O$333=$E98)+(Sheet1!$O$2:$O$333=$E99),""),"-","POST"),_xlfn._xlws.FILTER(Sheet1!$A$2:$A$333,(Sheet1!$O$2:$O$333=$E97)+(Sheet1!$O$2:$O$333=$E98)+(Sheet1!$O$2:$O$333=$E99),"UNFILLED"))} -> KEYS, MATTHEW | L97: {=IF(RIGHT(_xlfn._xlws.FILTER(Sheet1!$Q$2:$Q$333,(Sheet1!$Q$2:$Q$333=$E97)+(Sheet1!$Q$2:$Q$333=$E98)+(Sheet1!$Q$2:$Q$333=$E99),""),4)="POST",CONCATENATE(_xlfn._xlws.FILTER(Sheet1!$A$2:$A$333,(Sheet1!$Q$2:$Q$333=$E97)+(Sheet1!$Q$2:$Q$333=$E98)+(Sheet1!$Q$2:$Q$333=$E99),""),"-","POST"),_xlfn._xlws.FILTER(Sheet1!$A$2:$A$333,(Sheet1!$Q$2:$Q$333=$E97)+(Sheet1!$Q$2:$Q$333=$E98)+(Sheet1!$Q$2:$Q$333=$E99),"UNFILLED"))} -> KEYS, MATTHEW | M97: {=IF(RIGHT(_xlfn._xlws.FILTER(Sheet1!$S$2:$S$333,(Sheet1!$S$2:$S$333=$E97)+(Sheet1!$S$2:$S$333=$E98)+(Sheet1!$S$2:$S$333=$E99),""),4)="POST",CONCATENATE(_xlfn._xlws.FILTER(Sheet1!$A$2:$A$333,(Sheet1!$S$2:$S$333=$E97)+(Sheet1!$S$2:$S$333=$E98)+(Sheet1!$S$2:$S$333=$E99),""),"-","POST"),_xlfn._xlws.FILTER(Sheet1!$A$2:$A$333,(Sheet1!$S$2:$S$333=$E97)+(Sheet1!$S$2:$S$333=$E98)+(Sheet1!$S$2:$S$333=$E99),"UNFILLED"))} -> KEYS, MATTHEW
E98: =_xlfn.CONCAT(E97,"-","POST") -> DH-2-POST
E99: =_xlfn.CONCAT(E97,"-","PILOT") -> DH-2-PILOT
E100: AL-2 | F100: AL - ALLEGHENY | G100: {=IF(RIGHT(_xlfn._xlws.FILTER(Sheet1!$G$2:$G$333,(Sheet1!$G$2:$G$333=$E100)+(Sheet1!$G$2:$G$333=$E101)+(Sheet1!$G$2:$G$333=$E102),""),4)="POST",CONCATENATE(_xlfn._xlws.FILTER(Sheet1!$A$2:$A$333,(Sheet1!$G$2:$G$333=$E100)+(Sheet1!$G$2:$G$333=$E101)+(Sheet1!$G$2:$G$333=$E102),""),"-","POST"),_xlfn._xlws.FILTER(Sheet1!$A$2:$A$333,(Sheet1!$G$2:$G$333=$E100)+(Sheet1!$G$2:$G$333=$E101)+(Sheet1!$G$2:$G$333=$E102),"UNFILLED"))} -> MARLOW, RACHAEL | H100: {=IF(RIGHT(_xlfn._xlws.FILTER(Sheet1!$I$2:$I$333,(Sheet1!$I$2:$I$333=$E100)+(Sheet1!$I$2:$I$333=$E101)+(Sheet1!$I$2:$I$333=$E102),""),4)="POST",CONCATENATE(_xlfn._xlws.FILTER(Sheet1!$A$2:$A$333,(Sheet1!$I$2:$I$333=$E100)+(Sheet1!$I$2:$I$333=$E101)+(Sheet1!$I$2:$I$333=$E102),""),"-","POST"),_xlfn._xlws.FILTER(Sheet1!$A$2:$A$333,(Sheet1!$I$2:$I$333=$E100)+(Sheet1!$I$2:$I$333=$E101)+(Sheet1!$I$2:$I$333=$E102),"UNFILLED"))} -> MARLOW, RACHAEL | I100: {=IF(RIGHT(_xlfn._xlws.FILTER(Sheet1!$K$2:$K$333,(Sheet1!$K$2:$K$333=$E100)+(Sheet1!$K$2:$K$333=$E101)+(Sheet1!$K$2:$K$333=$E102),""),4)="POST",CONCATENATE(_xlfn._xlws.FILTER(Sheet1!$A$2:$A$333,(Sheet1!$K$2:$K$333=$E100)+(Sheet1!$K$2:$K$333=$E101)+(Sheet1!$K$2:$K$333=$E102),""),"-","POST"),_xlfn._xlws.FILTER(Sheet1!$A$2:$A$333,(Sheet1!$K$2:$K$333=$E100)+(Sheet1!$K$2:$K$333=$E101)+(Sheet1!$K$2:$K$333=$E102),"UNFILLED"))} -> REEVES, JULIAN | J100: {=IF(RIGHT(_xlfn._xlws.FILTER(Sheet1!M$2:M$333,(Sheet1!M$2:M$333=$E100)+(Sheet1!M$2:M$333=$E101)+(Sheet1!M$2:M$333=$E102),""),4)="POST",CONCATENATE(_xlfn._xlws.FILTER(Sheet1!$A$2:$A$333,(Sheet1!M$2:M$333=$E100)+(Sheet1!M$2:M$333=$E101)+(Sheet1!M$2:M$333=$E102),""),"-","POST"),_xlfn._xlws.FILTER(Sheet1!$A$2:$A$333,(Sheet1!M$2:M$333=$E100)+(Sheet1!M$2:M$333=$E101)+(Sheet1!M$2:M$333=$E102),"UNFILLED"))} -> PIFER, BRIAN | K100: {=IF(RIGHT(_xlfn._xlws.FILTER(Sheet1!$O$2:$O$333,(Sheet1!$O$2:$O$333=$E100)+(Sheet1!$O$2:$O$333=$E101)+(Sheet1!$O$2:$O$333=$E102),""),4)="POST",CONCATENATE(_xlfn._xlws.FILTER(Sheet1!$A$2:$A$333,(Sheet1!$O$2:$O$333=$E100)+(Sheet1!$O$2:$O$333=$E101)+(Sheet1!$O$2:$O$333=$E102),""),"-","POST"),_xlfn._xlws.FILTER(Sheet1!$A$2:$A$333,(Sheet1!$O$2:$O$333=$E100)+(Sheet1!$O$2:$O$333=$E101)+(Sheet1!$O$2:$O$333=$E102),"UNFILLED"))} -> PIFER, BRIAN | L100: {=IF(RIGHT(_xlfn._xlws.FILTER(Sheet1!$Q$2:$Q$333,(Sheet1!$Q$2:$Q$333=$E100)+(Sheet1!$Q$2:$Q$333=$E101)+(Sheet1!$Q$2:$Q$333=$E102),""),4)="POST",CONCATENATE(_xlfn._xlws.FILTER(Sheet1!$A$2:$A$333,(Sheet1!$Q$2:$Q$333=$E100)+(Sheet1!$Q$2:$Q$333=$E101)+(Sheet1!$Q$2:$Q$333=$E102),""),"-","POST"),_xlfn._xlws.FILTER(Sheet1!$A$2:$A$333,(Sheet1!$Q$2:$Q$333=$E100)+(Sheet1!$Q$2:$Q$333=$E101)+(Sheet1!$Q$2:$Q$333=$E102),"UNFILLED"))} -> MARLOW, RACHAEL | M100: {=IF(RIGHT(_xlfn._xlws.FILTER(Sheet1!$S$2:$S$333,(Sheet1!$S$2:$S$333=$E100)+(Sheet1!$S$2:$S$333=$E101)+(Sheet1!$S$2:$S$333=$E102),""),4)="POST",CONCATENATE(_xlfn._xlws.FILTER(Sheet1!$A$2:$A$333,(Sheet1!$S$2:$S$333=$E100)+(Sheet1!$S$2:$S$333=$E101)+(Sheet1!$S$2:$S$333=$E102),""),"-","POST"),_xlfn._xlws.FILTER(Sheet1!$A$2:$A$333,(Sheet1!$S$2:$S$333=$E100)+(Sheet1!$S$2:$S$333=$E101)+(Sheet1!$S$2:$S$333=$E102),"UNFILLED"))} -> MARLOW, RACHAEL
E101: =_xlfn.CONCAT(E100,"-","POST") -> AL-2-POST
E102: =_xlfn.CONCAT(E100,"-","PILOT") -> AL-2-PILOT
E103: CT-2 | F103: CT - CONWAY TERMINAL | G103: {=IF(RIGHT(_xlfn._xlws.FILTER(Sheet1!$G$2:$G$333,(Sheet1!$G$2:$G$333=$E103)+(Sheet1!$G$2:$G$333=$E104)+(Sheet1!$G$2:$G$333=$E105),""),4)="POST",CONCATENATE(_xlfn._xlws.FILTER(Sheet1!$A$2:$A$333,(Sheet1!$G$2:$G$333=$E103)+(Sheet1!$G$2:$G$333=$E104)+(Sheet1!$G$2:$G$333=$E105),""),"-","POST"),_xlfn._xlws.FILTER(Sheet1!$A$2:$A$333,(Sheet1!$G$2:$G$333=$E103)+(Sheet1!$G$2:$G$333=$E104)+(Sheet1!$G$2:$G$333=$E105),"UNFILLED"))} -> HARDY, JASMINE | H103: {=IF(RIGHT(_xlfn._xlws.FILTER(Sheet1!$I$2:$I$333,(Sheet1!$I$2:$I$333=$E103)+(Sheet1!$I$2:$I$333=$E104)+(Sheet1!$I$2:$I$333=$E105),""),4)="POST",CONCATENATE(_xlfn._xlws.FILTER(Sheet1!$A$2:$A$333,(Sheet1!$I$2:$I$333=$E103)+(Sheet1!$I$2:$I$333=$E104)+(Sheet1!$I$2:$I$333=$E105),""),"-","POST"),_xlfn._xlws.FILTER(Sheet1!$A$2:$A$333,(Sheet1!$I$2:$I$333=$E103)+(Sheet1!$I$2:$I$333=$E104)+(Sheet1!$I$2:$I$333=$E105),"UNFILLED"))} -> HARDY, JASMINE | I103: {=IF(RIGHT(_xlfn._xlws.FILTER(Sheet1!$K$2:$K$333,(Sheet1!$K$2:$K$333=$E103)+(Sheet1!$K$2:$K$333=$E104)+(Sheet1!$K$2:$K$333=$E105),""),4)="POST",CONCATENATE(_xlfn._xlws.FILTER(Sheet1!$A$2:$A$333,(Sheet1!$K$2:$K$333=$E103)+(Sheet1!$K$2:$K$333=$E104)+(Sheet1!$K$2:$K$333=$E105),""),"-","POST"),_xlfn._xlws.FILTER(Sheet1!$A$2:$A$333,(Sheet1!$K$2:$K$333=$E103)+(Sheet1!$K$2:$K$333=$E104)+(Sheet1!$K$2:$K$333=$E105),"UNFILLED"))} -> MARLOW, RACHAEL | J103: {=IF(RIGHT(_xlfn._xlws.FILTER(Sheet1!M$2:M$333,(Sheet1!M$2:M$333=$E103)+(Sheet1!M$2:M$333=$E104)+(Sheet1!M$2:M$333=$E105),""),4)="POST",CONCATENATE(_xlfn._xlws.FILTER(Sheet1!$A$2:$A$333,(Sheet1!M$2:M$333=$E103)+(Sheet1!M$2:M$333=$E104)+(Sheet1!M$2:M$333=$E105),""),"-","POST"),_xlfn._xlws.FILTER(Sheet1!$A$2:$A$333,(Sheet1!M$2:M$333=$E103)+(Sheet1!M$2:M$333=$E104)+(Sheet1!M$2:M$333=$E105),"UNFILLED"))} -> MARLOW, RACHAEL | K103: {=IF(RIGHT(_xlfn._xlws.FILTER(Sheet1!$O$2:$O$333,(Sheet1!$O$2:$O$333=$E103)+(Sheet1!$O$2:$O$333=$E104)+(Sheet1!$O$2:$O$333=$E105),""),4)="POST",CONCATENATE(_xlfn._xlws.FILTER(Sheet1!$A$2:$A$333,(Sheet1!$O$2:$O$333=$E103)+(Sheet1!$O$2:$O$333=$E104)+(Sheet1!$O$2:$O$333=$E105),""),"-","POST"),_xlfn._xlws.FILTER(Sheet1!$A$2:$A$333,(Sheet1!$O$2:$O$333=$E103)+(Sheet1!$O$2:$O$333=$E104)+(Sheet1!$O$2:$O$333=$E105),"UNFILLED"))} -> HARDY, JASMINE | L103: {=IF(RIGHT(_xlfn._xlws.FILTER(Sheet1!$Q$2:$Q$333,(Sheet1!$Q$2:$Q$333=$E103)+(Sheet1!$Q$2:$Q$333=$E104)+(Sheet1!$Q$2:$Q$333=$E105),""),4)="POST",CONCATENATE(_xlfn._xlws.FILTER(Sheet1!$A$2:$A$333,(Sheet1!$Q$2:$Q$333=$E103)+(Sheet1!$Q$2:$Q$333=$E104)+(Sheet1!$Q$2:$Q$333=$E105),""),"-","POST"),_xlfn._xlws.FILTER(Sheet1!$A$2:$A$333,(Sheet1!$Q$2:$Q$333=$E103)+(Sheet1!$Q$2:$Q$333=$E104)+(Sheet1!$Q$2:$Q$333=$E105),"UNFILLED"))} -> HARDY, JASMINE | M103: {=IF(RIGHT(_xlfn._xlws.FILTER(Sheet1!$S$2:$S$333,(Sheet1!$S$2:$S$333=$E103)+(Sheet1!$S$2:$S$333=$E104)+(Sheet1!$S$2:$S$333=$E105),""),4)="POST",CONCATENATE(_xlfn._xlws.FILTER(Sheet1!$A$2:$A$333,(Sheet1!$S$2:$S$333=$E103)+(Sheet1!$S$2:$S$333=$E104)+(Sheet1!$S$2:$S$333=$E105),""),"-","POST"),_xlfn._xlws.FILTER(Sheet1!$A$2:$A$333,(Sheet1!$S$2:$S$333=$E103)+(Sheet1!$S$2:$S$333=$E104)+(Sheet1!$S$2:$S$333=$E105),"UNFILLED"))} -> HARDY, JASMINE
E104: =_xlfn.CONCAT(E103,"-","POST") -> CT-2-POST
E105: =_xlfn.CONCAT(E103,"-","PILOT") -> CT-2-PILOT
...

Sheet NORTHERN REGION ROSTER
D1: DISPATCHER NAME | F1: DIVISON | G1: OWNED ASSIGNMENT | H1: TEMP ASSIGNMENT | I1: =Sheet1!F1 -> 45969 | K1: =+I1+1 -> 45970 | M1: =+K1+1 -> 45971 | O1: =+M1+1 -> 45972 | Q1: =+O1+1 -> 45973 | S1: =+Q1+1 -> 45974 | U1: =+S1+1 -> 45975 | AC1: northern | AD1: NORTHERN ACD
I2: =TEXT(I1,"dddd") -> Saturday | K2: =TEXT(K1,"dddd") -> Sunday | M2: =TEXT(M1,"dddd") -> Monday | O2: =TEXT(O1,"dddd") -> Tuesday | Q2: =TEXT(Q1,"dddd") -> Wednesday | S2: =TEXT(S1,"dddd") -> Thursday | U2: =TEXT(U1,"dddd") -> Friday | AC2: RELIEF ACD | AD2: NORTHERN GAD
D3: NORTHERN REGION NETWORK OPERATIONS CENTER DISPATCHERS
AC4: NORTHERN TRAINEE
D5: {=_xlfn._xlws.FILTER(Sheet1!A2:S333,Sheet1!T2:T333=AC1)} -> BAILEY, STEVEN | E5: 1019125 | F5: GREATLAKES | G5: CD-3 | H5: 0 | I5: 0 | J5: CD-3 | K5: 0 | L5: CD-3 | M5: 0 | N5: OFF | O5: 0 | P5: OFF | Q5: DIVERTED -ST | R5: CG-3 | S5: 0 | T5: CD-3 | U5: 0 | V5: CD-3
D6: BAUMAN, BRENT | E6: 1003540 | F6: KEYSTONE | G6: MV-1 | H6: 0 | I6: 0 | J6: MV-1 | K6: 0 | L6: MV-1 | M6: 0 | N6: OFF | O6: 0 | P6: OFF | Q6: 0 | R6: MV-1 | S6: 0 | T6: MV-1 | U6: 0 | V6: MV-1 | AE6: Vacation | AF6: OOS | AG6: hold down | AH6: overtime
D7: BLAIR, ROBERT | E7: 0876596 | F7: MIDWEST | G7: LF-2 | H7: 0 | I7: V-WK | J7: V-WK | K7: V-WK | L7: V-WK | M7: 0 | N7: OFF | O7: 0 | P7: OFF | Q7: 0 | R7: LF-2 | S7: S-SD | T7: S-SD | U7: 0 | V7: LF-2 | AE7: Sick | AF7: OTP | AH7: diverted
D8: BOLEN, MEGAN | E8: 1019898 | F8: MIDWEST | G8: KC-2 | H8: 0 | I8: 0 | J8: KC-2 | K8: 0 | L8: KC-2 | M8: 0 | N8: KC-2 | O8: 0 | P8: OFF | Q8: 0 | R8: OFF | S8: 0 | T8: KC-2 | U8: 0 | V8: KC-2 | AE8: FMLA
D9: BOVIALL, STEVE | E9: 0768447 | F9: MIDWEST | G9: KY-3 | H9: 0 | I9: OVERTIME | J9: LF-3 | K9: 0 | L9: KY-3 | M9: 0 | N9: KY-3 | O9: 0 | P9: KY-3 | Q9: 0 | R9: KY-3 | S9: 0 | T9: KY-3 | U9: 0 | V9: OFF | AE9: medical
D10: BOX, MANDY | E10: 1014066 | F10: KEYSTONE | G10: DH-3 | H10: 0 | I10: DIVERTED -ST | J10: PE-3 | K10: DIVERTED -ST | L10: LF-3 | N10: DH-3-POST | P10: DH-3-POST | R10: OFF | T10: OFF | V10: DH-3-POST | AE10: military
D11: BOYD, MIA | E11: 0361480 | F11: KEYSTONE | G11: RL-R | H11: 0 | I11: 0 | J11: RL-1 | K11: 0 | L11: RL-2 | M11: 0 | N11: RL-2 | O11: 0 | P11: RL-3 | Q11: 0 | R11: OFF | S11: 0 | T11: OFF | U11: 0 | V11: RL-1
D12: BRENNEKE, TAMI | E12: 0133792 | F12: GREATLAKES | G12: SA-1 | H12: 0 | I12: 0 | J12: OFF | K12: 0 | L12: SA-1 | M12: 0 | N12: SA-1 | O12: 0 | P12: SA-1 | Q12: 0 | R12: SA-1 | S12: 0 | T12: SA-1 | U12: 0 | V12: OFF
D13: BRIMAH, ABDUL | E13: 1016914 | F13: GREATLAKES | G13: MT-R | H13: 0 | I13: 0 | J13: OFF | K13: 0 | L13: MT-1 | M13: 0 | N13: MT-1 | O13: 0 | P13: MT-2 | Q13: 0 | R13: MT-2 | S13: 0 | T13: MT-3 | U13: 0 | V13: OFF
D14: BROSKIN, CHRIS | E14: 0180517 | F14: GREATLAKES | G14: DT-1 | H14: 0 | I14: 0 | J14: OFF | K14: 0 | L14: DT-1 | M14: 0 | N14: DT-1 | O14: 0 | P14: DT-1 | Q14: 0 | R14: DT-1 | S14: 0 | T14: DT-1 | U14: 0 | V14: OFF
D15: BULLINGTON, BILLY | E15: 1003910 | F15: MIDWEST ATW | G15: MW ATW | H15: 0 | I15: 0 | J15: OFF | K15: 0 | L15: OFF | M15: 0 | N15: SW-3 | O15: 0 | P15: SO-3 | Q15: 0 | R15: SP-3 | S15: 0 | T15: LF-3 | U15: 0 | V15: KC-3 | AA15: =_xlfn.IFNA(,"") -> 0
D16: BULLO, GABRIELLE | E16: 1003548 | F16: GREATLAKES | G16: DT-3 | H16: 0 | I16: 0 | J16: DT-3 | K16: 0 | L16: DT-3 | M16: 0 | N16: OFF | O16: 0 | P16: OFF | Q16: 0 | R16: DT-3 | S16: 0 | T16: DT-3 | U16: 0 | V16: DT-3
D17: CAMARDA, CHRIS | E17: 0121255 | F17: KEYSTONE | G17: HT-1 | H17: 0 | I17: 0 | J17: OFF | K17: 0 | L17: HT-1 | M17: 0 | N17: HT-1 | O17: 0 | P17: HT-1 | Q17: 0 | R17: HT-1 | S17: 0 | T17: HT-1 | U17: 0 | V17: OFF
D18: CAREY, JON | E18: 1016564 | F18: MIDWEST | G18: SO-R | H18: 0 | I18: 0 | J18: SO-1 | K18: 0 | L18: SO-1 | M18: 0 | N18: SO-2 | O18: DIVERTED -ST | P18: PE-2 | Q18: S-SD | R18: S-SD | S18: 0 | T18: OFF | U18: 0 | V18: OFF
D19: CARR, JEREMY | E19: 0139924 | F19: KEYSTONE | G19: HE-1 | H19: 0 | I19: 0 | J19: OFF | K19: 0 | L19: OFF | M19: S-APPT | N19: S-APPT | O19: 0 | P19: HE-1 | Q19: 0 | R19: HE-1 | S19: 0 | T19: HE-1 | U19: 0 | V19: HE-1 | AB19: Hold Down
D20: CHERRY, ERICA | E20: 1015931 | F20: MIDWEST | G20: SW-R | H20: 0 | I20: 0 | J20: SW-1 | K20: 0 | L20: SW-2 | M20: 0 | N20: SW-2 | O20: 0 | P20: SW-3 | Q20: 0 | R20: OFF | S20: 0 | T20: OFF | U20: 0 | V20: SW-1 | AB20: DIVERTED
D21: CLAFFY, DEIDRE | E21: 1025497 | F21: KEYSTONE | G21: HT-R | H21: 0 | I21: 0 | J21: HT-1 | K21: 0 | L21: HT-2 | M21: 0 | N21: HT-2 | O21: 0 | P21: HT-3 | Q21: 0 | R21: OFF | S21: 0 | T21: OFF | U21: 0 | V21: HT-1 | AB21: OVERTIME
D22: CLUBBS, DARIN | E22: 0133897 | F22: GREATLAKES | G22: CD-1 | H22: 0 | I22: 0 | J22: OFF | K22: 0 | L22: CD-1 | M22: 0 | N22: CD-1 | O22: 0 | P22: CD-1 | Q22: 0 | R22: CD-1 | S22: 0 | T22: CD-1 | U22: 0 | V22: OFF
D23: COLEMAN, JOEL | E23: 0394807 | F23: MIDWEST | G23: KC-R | H23: 0 | I23: 0 | J23: OFF | K23: V-SD | L23: V-SD | M23: V-SD | N23: V-SD | O23: 0 | P23: KC-2 | Q23: 0 | R23: KC-2 | S23: 0 | T23: KC-3 | U23: 0 | V23: OFF
D24: COX, ANDY | E24: 0935291 | F24: MIDWEST | G24: SO-1 | H24: 0 | I24: 0 | J24: OFF | K24: 0 | L24: OFF | M24: 0 | N24: SO-1 | O24: 0 | P24: SO-1 | Q24: 0 | R24: SO-1 | S24: 0 | T24: SO-1 | U24: 0 | V24: SO-1
D25: CROUTHARMEL, JASON | E25: 0150487 | F25: KEYSTONE | G25: RL-2 | H25: 0 | I25: 0 | J25: RL-2 | K25: 0 | L25: OFF | M25: 0 | N25: OFF | O25: 0 | P25: RL-2 | Q25: 0 | R25: RL-2 | S25: 0 | T25: RL-2 | U25: 0 | V25: RL-2
D26: DAVIS, MATT | E26: 0146546 | F26: KEYSTONE | G26: HT-2 | H26: 0 | I26: 0 | J26: HT-2 | K26: 0 | L26: OFF | M26: 0 | N26: OFF | O26: DIVERTED -ST | P26: ACD1-HB | Q26: 0 | R26: HT-2 | S26: 0 | T26: HT-2 | U26: 0 | V26: HT-2
D27: DEJESUS, DAVE | E27: 0768879 | F27: KEYSTONE | G27: CE-1 | H27: 0 | I27: 0 | J27: OFF | K27: 0 | L27: OFF | M27: 0 | N27: CE-1 | O27: 0 | P27: CE-1 | Q27: 0 | R27: CE-1 | S27: 0 | T27: CE-1 | U27: 0 | V27: CE-1
D28: DICK, KAYLA | E28: 1019609 | F28: KEYSTONE | G28: MV-2 | H28: 0 | I28: 0 | J28: MV-2 | K28: 0 | L28: MV-2 | M28: 0 | N28: MV-2 | O28: 0 | P28: MV-2 | Q28: 0 | R28: OFF | S28: 0 | T28: OFF | U28: 0 | V28: MV-2
D29: DONALDSON, CODY | E29: 1018784 | F29: GREATLAKES | G29: MT-3 | H29: 0 | I29: 0 | J29: MT-3 | K29: 0 | L29: MT-3 | M29: 0 | N29: MT-3 | O29: 0 | P29: MT-3 | Q29: 0 | R29: MT-3 | S29: 0 | T29: OFF | U29: 0 | V29: OFF
D30: DORTCH, NANCY | E30: 0380639 | F30: MIDWEST | G30: KY-1 | H30: 0 | I30: 0 | J30: KY-1 | K30: 0 | L30: KY-1 | M30: 0 | N30: KY-1 | O30: 0 | P30: OFF | Q30: 0 | R30: OFF | S30: 0 | T30: KY-1 | U30: 0 | V30: KY-1
D31: DOUGHERTY, MIKE | E31: 1015725 | F31: GREATLAKES | G31: DT-R | H31: 0 | I31: 0 | J31: DT-1 | K31: 0 | L31: DT-2 | M31: 0 | N31: DT-2 | O31: DIVERTED -ST | P31: HE-3 | Q31: 0 | R31: OFF | S31: 0 | T31: OFF | U31: V-WK | V31: V-WK
D32: DYE, JAMES | E32: 0766272 | F32: KEYSTONE | G32: MV-3 | H32: 0 | I32: 0 | J32: OFF | K32: 0 | L32: MV-3 | M32: 0 | N32: MV-3 | O32: 0 | P32: MV-3 | Q32: 0 | R32: MV-3 | S32: 0 | T32: MV-3 | U32: 0 | V32: OFF
D33: FERRELL, EVAN | E33: 1027358 | F33: GREATLAKES | G33: EL-2 | H33: 0 | I33: 0 | J33: EL-2 | K33: 0 | L33: EL-2 | M33: 0 | N33: OFF | O33: 0 | P33: OFF | Q33: 0 | R33: EL-2 | S33: 0 | T33: EL-2 | U33: 0 | V33: EL-2
D34: FIELDS, DETRON | E34: 1026393 | F34: GREATLAKES | G34: DE-2 | H34: 0 | I34: 0 | J34: DE-2 | K34: 0 | L34: DE-2 | M34: 0 | N34: OFF | O34: 0 | P34: OFF | Q34: 0 | R34: DE-2 | S34: 0 | T34: DE-2 | U34: 0 | V34: DE-2
D35: FUNK, TODD | E35: 0928053 | F35: MIDWEST | G35: KC-3 | H35: 0 | I35: 0 | J35: KC-3 | K35: 0 | L35: KC-3 | M35: 0 | N35: KC-3 | O35: 0 | P35: KC-3 | Q35: 0 | R35: KC-3 | S35: 0 | T35: OFF | U35: 0 | V35: OFF
D36: GLACE, JOSH | E36: 0339164 | F36: GREATLAKES | G36: CG-1 | H36: 0 | I36: 0 | J36: OFF | K36: 0 | L36: CG-1 | M36: 0 | N36: CG-1 | O36: 0 | P36: CG-1 | Q36: 0 | R36: CG-1 | S36: 0 | T36: CG-1 | U36: 0 | V36: OFF
D37: GRAHAM, KEITH | E37: 0378938 | F37: KEYSTONE ATW | G37: KS2 ATW | H37: 0 | I37: 0 | J37: OFF | K37: 0 | L37: OFF | M37: 0 | N37: HT-3 | O37: DIVERTED -ST | P37: ET-3 | Q37: 0 | R37: RL-3 | S37: 0 | T37: DH-3 | U37: 0 | V37: OPEN
D38: HARBIN, BRYANT | E38: 1008092 | F38: KEYSTONE | G38: RL-3 | H38: 0 | I38: 0 | K38: 0 | M38: V-SD | N38: V-SD | O38: 0 | P38: SA-1-POST | Q38: 0 | R38: BT-3 | S38: POST | T38: RL-3-POST | U38: POST | V38: RL-3-POST
D39: HARDY, JASMINE | E39: 1018785 | F39: KEYSTONE | G39: CT-2 | H39: 0 | I39: 0 | J39: CT-2 | K39: 0 | L39: CT-2 | M39: 0 | N39: OFF | O39: 0 | P39: OFF | Q39: 0 | R39: CT-2 | S39: 0 | T39: CT-2 | U39: 0 | V39: CT-2
D40: HARP, KEENAN | E40: 1009031 | F40: KEYSTONE | G40: MV-R | H40: 0 | I40: 0 | J40: OFF | K40: 0 | L40: OFF | M40: 0 | N40: MV-1 | O40: DIVERTED -ST | P40: CT-1 | Q40: 0 | R40: MV-2 | S40: 0 | T40: MV-2 | U40: 0 | V40: MV-3
D41: HARRIS, MARCUS | E41: 1015264 | F41: KEYSTONE ATW | G41: KS1 ATW | H41: 0 | I41: 0 | J41: MV-3 | K41: 0 | L41: OFF | M41: 0 | N41: OFF | O41: 0 | P41: CT-3 | Q41: 0 | R41: PE-3 | S41: 0 | T41: OPEN | U41: 0 | V41: AL-3
D42: HERRING, DARYL | E42: 1031099 | F42: MIDWEST | G42: KY-R | H42: 0 | I42: 0 | J42: KY-3 | K42: 0 | L42: OFF | M42: 0 | N42: OFF | O42: 0 | P42: KY-1 | Q42: 0 | R42: KY-1 | S42: S-APPT | T42: S-APPT | U42: 0 | V42: KY-2
D43: HICKEY, LINDA | E43: 0317709 | F43: KEYSTONE | G43: CE-2 | H43: 0 | I43: 0 | J43: CE-2 | K43: 0 | L43: CE-2 | M43: 0 | N43: OFF | O43: 0 | P43: OFF | Q43: 0 | R43: CE-2 | S43: 0 | T43: CE-2 | U43: 0 | V43: CE-2
D44: JAMES, GREGG | E44: 0140225 | F44: GREATLAKES | G44: DE-1 | H44: 0 | I44: 0 | J44: OFF | K44: 0 | L44: OFF | M44: 0 | N44: DE-1 | O44: 0 | P44: DE-1 | Q44: 0 | R44: DE-1 | S44: 0 | T44: DE-1 | U44: 0 | V44: DE-1
D45: JAMES, NICHOLAS | E45: 1024515 | F45: GREATLAKES | G45: DE-R | H45: 0 | I45: 0 | J45: DE-1 | K45: 0 | L45: DE-1 | M45: 0 | N45: DE-2 | O45: 0 | P45: DE-2 | Q45: 0 | R45: DE-3 | S45: 0 | T45: OFF | U45: 0 | V45: OFF
D46: JONES, ANTHONY | E46: 1019357 | F46: KEYSTONE | G46: HE-R | H46: 0 | I46: 0 | J46: HE-1 | K46: V-SD | L46: V-SD | M46: 0 | N46: HE-2 | O46: 0 | P46: HE-2 | Q46: S-SD | R46: S-SD | S46: 0 | T46: OFF | U46: 0 | V46: OFF
D47: KAY-JACKWAK, LORI | E47: 0379323 | F47: GREATLAKES | G47: DT-2 | H47: 0 | I47: 0 | J47: DT-2 | K47: 0 | L47: OFF | M47: 0 | N47: OFF | O47: 0 | P47: DT-2 | Q47: 0 | R47: DT-2 | S47: 0 | T47: DT-2 | U47: 0 | V47: DT-2
D48: KENNEDY, JOSEPH | E48: 1027197 | F48: GREATLAKES | G48: MT-2 | H48: 0 | I48: 0 | J48: MT-2 | K48: 0 | L48: MT-2 | M48: 0 | N48: MT-2 | O48: 0 | P48: OFF | Q48: 0 | R48: OFF | S48: 0 | T48: MT-2 | U48: V-SD | V48: V-SD
D49: KEYS, MATTHEW | E49: 1025500 | F49: KEYSTONE | G49: DH-2 | H49: 0 | I49: 0 | J49: DH-2 | K49: 0 | L49: DH-2 | M49: 0 | N49: OFF | O49: 0 | P49: OFF | Q49: 0 | R49: DH-2 | S49: 0 | T49: DH-2 | U49: 0 | V49: DH-2
D50: KIRKPATRICK, DOUG | E50: 0901117 | F50: MIDWEST | G50: QC-1 | H50: 0 | I50: 0 | J50: OFF | K50: 0 | L50: OFF | M50: 0 | N50: QC-1 | O50: 0 | P50: QC-1 | Q50: S-SD | R50: S-SD | S50: 0 | T50: QC-1 | U50: 0 | V50: QC-1
D51: KNORRE, ANDREA | E51: 0187636 | F51: MIDWEST | G51: SP-2 | H51: 0 | I51: 0 | J51: SP-2 | K51: 0 | L51: OFF | M51: 0 | N51: OFF | O51: 0 | P51: SP-2 | Q51: 0 | R51: SP-2 | S51: 0 | T51: SP-2 | U51: 0 | V51: SP-2
D52: KOSHY, SUJIT | E52: 0149451 | F52: MIDWEST | G52: KC-1 | H52: 0 | I52: 0 | J52: KC-1 | K52: 0 | L52: OFF | M52: 0 | N52: OFF | O52: 0 | P52: KC-1 | Q52: 0 | R52: KC-1 | S52: 0 | T52: KC-1 | U52: 0 | V52: KC-1
D53: KRZYZANOWSKI, KIMMY | E53: 1019205 | F53: KEYSTONE | G53: CT-R | H53: RL-3 | I53: HELD OFF PAID | J53: HELD OFF PAID | K53: OVERTIME | L53: ACD2-PB | M53: HOLD DOWN | N53: RL-3 | O53: HOLD DOWN | P53: OFF | Q53: HOLD DOWN | R53: OFF | S53: HOLD DOWN | T53: RL-3 | U53: HOLD DOWN | V53: RL-3
D54: LITTLE, CHRISTAL | E54: 0163388 | F54: MIDWEST | G54: SW-1 | H54: 0 | I54: 0 | J54: OFF | K54: NCL | L54: NCL | M54: S-SD | N54: S-SD | O54: 0 | P54: SW-1 | Q54: 0 | R54: SW-1 | S54: 0 | T54: SW-1 | U54: 0 | V54: OFF
D55: LUTERAN, COREY | E55: 0147988 | F55: KEYSTONE | G55: PE-1 | H55: 0 | I55: 0 | J55: OFF | K55: 0 | L55: PE-1 | M55: 0 | N55: PE-1 | O55: 0 | P55: PE-1 | Q55: 0 | R55: PE-1 | S55: 0 | T55: PE-1 | U55: 0 | V55: OFF
D56: MALCOLM, JOSH | E56: 1016721 | F56: KEYSTONE | G56: PE-R | H56: 0 | I56: DIVERTED -ST | J56: QC-1 | K56: 0 | L56: PE-2 | M56: 0 | N56: PE-2 | O56: 0 | P56: PE-3 | Q56: 0 | R56: OFF | S56: 0 | T56: OFF | U56: 0 | V56: PE-1
D57: MARLOW, RACHAEL | E57: 1030401 | F57: KEYSTONE | G57: AL-2 | H57: 0 | I57: 0 | J57: AL-2 | K57: 0 | L57: AL-2 | M57: DIVERTED -ST | N57: CT-2 | O57: OVERTIME | P57: CT-2 | Q57: 0 | R57: OFF | S57: 0 | T57: AL-2 | U57: 0 | V57: AL-2
D58: MARZETTE, MEEKA | E58: 1009881 | F58: MIDWEST | G58: SO-3 | H58: 0 | I58: 0 | J58: SO-3 | K58: 0 | L58: SO-3 | M58: 0 | N58: SO-3 | O58: 0 | P58: OFF | Q58: 0 | R58: OFF | S58: 0 | T58: SO-3 | U58: 0 | V58: SO-3
D59: MCAULEY, LESLIE | E59: 1016884 | F59: KEYSTONE | G59: HE-2 | H59: 0 | I59: 0 | J59: HE-2 | K59: 0 | L59: HE-2 | M59: 0 | N59: OFF | O59: 0 | P59: OFF | Q59: 0 | R59: HE-2 | S59: 0 | T59: HE-2 | U59: 0 | V59: HE-2
D60: MCCARREN, CARRIE | E60: 0378322 | F60: KEYSTONE | G60: PE-3 | H60: 0 | I60: V-WK | J60: V-WK | K60: V-WK | L60: V-WK | M60: PL-D | N60: PL-D | O60: 0 | P60: OFF | Q60: 0 | R60: OFF | S60: S-SD | T60: S-SD | U60: 0 | V60: PE-3
D61: MCGRADY, SHAWN | E61: 1016079 | F61: GREATLAKES | G61: DE-3 | H61: 0 | I61: 0 | J61: DE-3 | K61: 0 | L61: DE-3 | M61: 0 | N61: DE-3 | O61: OVERTIME | P61: DE-3 | Q61: 0 | R61: OFF | S61: 0 | T61: DE-3 | U61: 0 | V61: DE-3
D62: MERCER, LLOYD | E62: 0371336 | F62: MIDWEST | G62: LF-1 | H62: 0 | I62: 0 | J62: OFF | K62: 0 | L62: OFF | M62: 0 | N62: LF-1 | O62: 0 | P62: LF-1 | Q62: 0 | R62: LF-1 | S62: 0 | T62: LF-1 | U62: 0 | V62: LF-1
D63: MILLER, FRED | E63: 1018636 | F63: MIDWEST | G63: SW-3 | H63: 0 | I63: 0 | J63: SW-3 | K63: 0 | L63: SW-3 | M63: 0 | N63: OFF | O63: 0 | P63: OFF | Q63: 0 | R63: SW-3 | S63: 0 | T63: SW-3 | U63: 0 | V63: SW-3
D64: MOGGIO, WILLIAM | E64: 1004227 | F64: KEYSTONE | G64: AL-3 | H64: 0 | I64: DIVERTED -OT | J64: ACD2-MW | K64: 0 | L64: AL-3 | M64: 0 | N64: AL-3 | O64: 0 | P64: AL-3 | Q64: 0 | R64: AL-3 | S64: 0 | T64: OFF | U64: 0 | V64: OFF
D65: NEGLEY, ANTHONY | E65: 0133337 | F65: GREATLAKES | G65: EL-1 | H65: 0 | I65: 0 | J65: OFF | K65: 0 | L65: OFF | M65: 0 | N65: EL-1 | O65: 0 | P65: EL-1 | Q65: 0 | R65: EL-1 | S65: 0 | T65: EL-1 | U65: 0 | V65: EL-1
D66: OWENS, XAVIER | E66: 1025506 | F66: MIDWEST | G66: LF-R | H66: 0 | I66: 0 | J66: LF-1 | K66: 0 | L66: LF-1 | M66: 0 | N66: LF-2 | O66: S-SD | P66: S-SD | Q66: 0 | R66: LF-3 | S66: 0 | T66: OFF | U66: 0 | V66: OFF
D67: PALMER, SANFORD | E67: 1014949 | F67: MIDWEST | G67: SP-3 | H67: 0 | I67: DIVERTED -ST | J67: IN-3 | K67: 0 | L67: SP-3 | M67: 0 | N67: SP-3 | O67: 0 | P67: OFF | Q67: 0 | R67: OFF | S67: 0 | T67: SP-3 | U67: 0 | V67: SP-3
D68: PANELLA, MICHAEL | E68: 0337393 | F68: KEYSTONE | G68: AL-1 | H68: 0 | I68: 0 | J68: AL-1 | K68: 0 | L68: OFF | M68: 0 | N68: OFF | O68: FMLA | P68: FMLA | Q68: FMLA | R68: FMLA | S68: S-SD | T68: S-SD | U68: 0 | V68: AL-1
D69: PIETSCH, DAN | E69: 0162513 | F69: MIDWEST | G69: SW-2 | H69: 0 | I69: 0 | J69: SW-2 | K69: 0 | L69: OFF | M69: 0 | N69: OFF | O69: 0 | P69: SW-2 | Q69: 0 | R69: SW-2 | S69: 0 | T69: SW-2 | U69: 0 | V69: SW-2
D70: PIFER, BRIAN | E70: 0374213 | F70: KEYSTONE | G70: AL-R | H70: 0 | I70: 0 | J70: OFF | K70: 0 | L70: AL-1 | M70: 0 | N70: AL-1 | O70: 0 | P70: AL-2 | Q70: 0 | R70: AL-2 | S70: 0 | T70: AL-3 | U70: 0 | V70: OFF
D71: RITCHIE, MIKE | E71: 0717626 | F71: KEYSTONE | G71: CT-1 | H71: 0 | I71: 0 | J71: OFF | K71: 0 | L71: OFF | M71: 0 | N71: CT-1 | O71: S-SD | P71: S-SD | Q71: 0 | R71: CT-1 | S71: 0 | T71: CT-1 | U71: 0 | V71: CT-1
D72: ROBERTS, KIRVIN | E72: 1019209 | F72: GREATLAKES | G72: EL-R | H72: 0 | I72: 0 | J72: EL-1 | K72: 0 | L72: EL-1 | M72: 0 | N72: EL-2 | O72: 0 | P72: EL-2 | Q72: S-SD | R72: S-SD | S72: 0 | T72: OFF | U72: 0 | V72: OFF
D73: ROBINSON, AARON | E73: 1015460 | F73: MIDWEST | G73: SP-R | H73: 0 | I73: 0 | J73: SP-1 | K73: 0 | L73: SP-2 | M73: 0 | N73: SP-2 | O73: 0 | P73: SP-3 | Q73: 0 | R73: OFF | S73: 0 | T73: OFF | U73: 0 | V73: SP-1
D74: ROBINSON, MATTHEW | E74: 1010235 | F74: GREATLAKES | G74: CD-2 | H74: 0 | I74: 0 | J74: CD-2 | K74: 0 | L74: OFF | M74: 0 | N74: OFF | O74: 0 | P74: CD-2 | Q74: 0 | R74: CD-2 | S74: 0 | T74: CD-2 | U74: 0 | V74: CD-2
D75: ROTH, KATE | E75: 0892696 | F75: KEYSTONE | G75: RL-1 | H75: 0 | I75: 0 | J75: OFF | K75: 0 | L75: RL-1 | M75: 0 | N75: RL-1 | O75: 0 | P75: RL-1 | Q75: 0 | R75: RL-1 | S75: 0 | T75: RL-1 | U75: 0 | V75: OFF
D76: SANSBURY, TRAVIS | E76: 1016880 | F76: MIDWEST | G76: QC-3 | H76: 0 | I76: 0 | J76: QC-3 | K76: 0 | L76: QC-3 | M76: 0 | N76: QC-3 | O76: 0 | P76: QC-3 | Q76: 0 | R76: OFF | S76: 0 | T76: OFF | U76: V-SD | V76: V-SD
D77: SCOTT, DONALD | E77: 0317765 | F77: GREATLAKES | G77: TT-2 | H77: 0 | I77: 0 | J77: TT-2 | K77: 0 | L77: TT-2 | M77: 0 | N77: TT-2 | O77: 0 | P77: OFF | Q77: 0 | R77: OFF | S77: 0 | T77: TT-2 | U77: 0 | V77: TT-2
D78: SHIELDS, BRIAN | E78: 1017207 | F78: KEYSTONE | G78: HT-3 | H78: 0 | I78: 0 | J78: HT-3 | K78: 0 | L78: HT-3 | M78: 0 | N78: OFF | O78: 0 | P78: OFF | Q78: 0 | R78: HT-3 | S78: 0 | T78: HT-3 | U78: 0 | V78: HT-3
D79: SOLES, BILL | E79: 0374206 | F79: GREATLAKES | G79: SA-2 | H79: 0 | I79: 0 | J79: SA-2 | K79: 0 | L79: OFF | M79: 0 | N79: OFF | O79: 0 | P79: SA-2 | Q79: 0 | R79: SA-2 | S79: 0 | T79: SA-2 | U79: 0 | V79: SA-2
D80: STAMETS, JAKE | E80: 1023675 | F80: GREATLAKES | G80: SA-3 | H80: 0 | I80: 0 | J80: SA-3 | K80: 0 | L80: SA-3 | M80: S-APPT | N80: S-APPT | O80: 0 | P80: OFF | Q80: 0 | R80: OFF | S80: 0 | T80: SA-3 | U80: 0 | V80: SA-3
D81: STAMETS, LUCAS | E81: 1031102 | F81: MIDWEST | G81: QC-2 | H81: QC-R | I81: NCL | J81: NCL | K81: HOLD DOWN | L81: QC-1 | M81: HOLD DOWN | N81: QC-2 | O81: HOLD DOWN | P81: QC-2 | Q81: HOLD DOWN | R81: QC-3 | S81: HOLD DOWN | T81: OFF | U81: HOLD DOWN | V81: OFF
D82: THAYER, KELLY | E82: 1015259 | F82: GREAT LAKES ATW | G82: GL1 ATW | H82: 0 | I82: 0 | J82: OFF | K82: 0 | L82: OFF | M82: 0 | N82: CD-3 | O82: 0 | P82: EL-3 | Q82: 0 | R82: TT-3 | S82: 0 | T82: CE-3 | U82: 0 | V82: TT-3
D83: THOMAS, FRANK | E83: 0644427 | F83: KEYSTONE | G83: PE-2 | H83: 0 | I83: DIVERTED -OT | J83: ACD2-PB | K83: 0 | L83: OFF | M83: 0 | N83: OFF | O83: DIVERTED -OT | P83: AL-1 | Q83: 0 | R83: PE-2 | S83: 0 | T83: PE-2 | U83: 0 | V83: PE-2
D84: THOMAS, RONNIE | E84: 1019207 | F84: MIDWEST | G84: KY-2 | H84: 0 | I84: 0 | J84: KY-2 | K84: 0 | L84: KY-2 | M84: 0 | N84: KY-2 | O84: DIVERTED -ST | P84: HT-2 | Q84: 0 | R84: KY-2 | S84: OVERTIME | T84: KY-2 | U84: 0 | V84: OFF
D85: THOMPSON, JIM | E85: 1023670 | F85: GREATLAKES | G85: SA-R | H85: 0 | I85: FMLA | J85: FMLA | K85: FMLA | L85: FMLA | M85: FMLA | N85: FMLA | O85: FMLA | P85: FMLA | Q85: 0 | R85: OFF | S85: 0 | T85: OFF | U85: FMLA | V85: FMLA
D86: TRACY, LUCAS | E86: 1007815 | F86: GREATLAKES | G86: EL-3 | H86: 0 | I86: 0 | J86: EL-3 | K86: 0 | L86: EL-3 | M86: 0 | N86: EL-3 | O86: 0 | P86: OFF | Q86: 0 | R86: OFF | S86: 0 | T86: OFF | U86: CT | V86: CT
D87: TURNER, CHERTARVEYA | E87: 1019602 | F87: GREATLAKES | G87: TT-R | H87: 0 | I87: 0 | J87: OFF | K87: 0 | L87: TT-1 | M87: 0 | N87: TT-1 | O87: 0 | P87: TT-2 | Q87: 0 | R87: TT-2 | S87: 0 | T87: TT-3 | U87: 0 | V87: OFF
D88: VANNIER, RYAN | E88: 0395164 | F88: GREATLAKES | G88: TT-1 | H88: 0 | I88: 0 | J88: TT-1 | K88: 0 | L88: OFF | M88: 0 | N88: OFF | O88: 0 | P88: TT-1 | Q88: 0 | R88: TT-1 | S88: 0 | T88: TT-1 | U88: 0 | V88: TT-1
D89: VAZQUEZ, ERIC | E89: 1015925 | F89: GREATLAKES | G89: CG-2 | H89: 0 | I89: 0 | J89: CG-2 | K89: 0 | L89: OFF | M89: 0 | N89: OFF | O89: 0 | P89: CG-2 | Q89: 0 | R89: CG-2 | S89: S-SD | T89: S-SD | U89: 0 | V89: CG-2
D90: WALKER, JERI | E90: 1028343 | F90: GREATLAKES | G90: CG-R | H90: 0 | J90: CG-2-POST | L90: CG-2-POST | N90: CG-2-POST | O90: V-SD | P90: V-SD | R90: OFF | T90: OFF | U90: V-SD | V90: V-SD
D91: WEIL, BILL | E91: 0107038 | F91: KEYSTONE | G91: CT-3 | H91: 0 | I91: 0 | J91: CT-3 | K91: 0 | L91: CT-3 | M91: 0 | N91: CT-3 | O91: 0 | P91: OFF | Q91: 0 | R91: OFF | S91: 0 | T91: CT-3 | U91: 0 | V91: CT-3
D92: WENGER, JOSH | E92: 1000816 | F92: GREATLAKES | G92: CG-3 | H92: 0 | I92: 0 | J92: CG-3 | K92: 0 | L92: CG-3 | M92: 0 | N92: OFF | O92: 0 | P92: OFF | Q92: NCL | R92: NCL | S92: 0 | T92: CG-3 | U92: 0 | V92: CG-3
D93: WENNEMAN, BRYAN | E93: 0317989 | F93: MIDWEST | G93: SP-1 | H93: 0 | I93: 0 | J93: OFF | K93: 0 | L93: SP-1 | M93: 0 | N93: SP-1 | O93: 0 | P93: SP-1 | Q93: 0 | R93: SP-1 | S93: S-SD | T93: S-SD | U93: 0 | V93: OFF
D94: WHITE, TOM | E94: 0769019 | F94: GREATLAKES | G94: TT-3 | H94: 0 | I94: S-SD | J94: S-SD | K94: S-SD | L94: S-SD | M94: S-SD | N94: S-SD | O94: S-SD | P94: S-SD | Q94: S-SD | R94: S-SD | S94: S-SD | T94: OFF | U94: S-SD | V94: OFF
D95: WILLIAMS, LEISA | E95: 0853419 | F95: MIDWEST | G95: QC-R | H95: 0 | I95: S-SD | J95: S-SD | K95: S-SD | L95: S-SD | M95: S-SD | N95: S-SD | O95: S-SD | P95: S-SD | Q95: S-SD | R95: S-SD | S95: S-SD | T95: OFF | U95: S-SD | V95: OFF
D96: WILLIAMS, NARADA | E96: 1025089 | F96: GREATLAKES | G96: CD-R | H96: 0 | I96: V-WK | J96: V-WK | K96: V-WK | L96: V-WK | M96: V-WK | N96: V-WK | O96: V-WK | P96: V-WK | R96: OFF | T96: OFF | V96: CD-2-POST
D97: WILLIAMS, SCOTT | E97: 1015463 | F97: KEYSTONE | G97: CE-3 | H97: 0 | I97: 0 | J97: CE-3 | K97: 0 | L97: CE-3 | M97: 0 | N97: CE-3 | O97: 0 | P97: CE-3 | Q97: 0 | R97: OFF | S97: CB | T97: OFF | U97: CB | V97: CB
D98: WILLIAMS, SHANAN | E98: 1015876 | F98: MIDWEST | G98: SO-2 | H98: 0 | I98: 0 | J98: SO-2 | K98: UB | L98: UB | M98: 0 | N98: OFF | O98: 0 | P98: OFF | Q98: V-WK | R98: V-WK | S98: V-WK | T98: V-WK | U98: V-WK | V98: V-WK
D99: WIMMER, CHRISTOPHER | E99: 0655039 | F99: KEYSTONE | G99: DH-1 | H99: 0 | I99: 0 | J99: OFF | K99: 0 | L99: OFF | M99: 0 | N99: DH-1 | O99: 0 | P99: DH-1 | Q99: 0 | R99: DH-1 | S99: 0 | T99: DH-1 | U99: 0 | V99: DH-1
D100: YEAGER, DOROTHY | E100: 0891737 | F100: GREATLAKES | G100: MT-1 | H100: 0 | I100: CHECK NOTE | J100: CHECK NOTE | K100: 0 | L100: OFF | M100: 0 | N100: OFF | O100: FMLA | P100: FMLA | Q100: FMLA | R100: FMLA | S100: FMLA | T100: FMLA | U100: 0 | V100: MT-1
...

Sheet Sheet1
F1: 45969 | G1: 45969 | H1: 45970 | I1: 45970 | J1: 45971 | K1: 45971 | L1: 45972 | M1: 45972 | N1: 45973 | O1: 45973 | P1: 45974 | Q1: 45974 | R1: 45975 | S1: 45975
A2: ADAMS, ARDRA | B2: 0162534 | C2: COASTAL | D2: SV-2 | F2: 0 | G2: SV-2 | H2: 0 | I2: OFF | J2: 0 | K2: OFF | L2: 0 | M2: SV-2 | N2: DIVERTED -ST | O2: ME-2 | P2: 0 | Q2: SV-2 | R2: 0 | S2: SV-2 | T2: SOUTHERN
A3: ALICIE, BRANDON | B3: 0100010 | C3: GULF - GAD | D3: EXTRA BOARD-GU-A | F3: 0 | G3: OFF | H3: 0 | I3: OFF | J3: V-SD | K3: V-SD | L3: 0 | M3: RT-1 | N3: 0 | O3: EE-1 | P3: 0 | Q3: KW-1 | R3: 0 | S3: AVAILABLE | T3: SOUTHERN GAD
A4: ALLEN, RYAN | B4: 1026388 | C4: KEYSTONE -GAD | D4: EXTRA BOARD-KS-C | F4: 0 | G4: HE-3 | H4: S-SD | I4: S-SD | J4: CHECK NOTE | K4: HE-3 | L4: V-SD | M4: V-SD | N4: 0 | O4: OFF | P4: 0 | Q4: OFF | R4: V-SD | S4: V-SD | T4: NORTHERN GAD
A5: ARGYRAKIS, URIAH | B5: 1025505 | C5: BLUE RIDGE | D5: PO-R | F5: 0 | G5: PO-1 | H5: 0 | I5: PO-2 | J5: 0 | K5: PO-2 | L5: S-SD | M5: S-SD | N5: 0 | O5: OFF | P5: 0 | Q5: OFF | R5: 0 | S5: PO-1 | T5: SOUTHERN
A6: ARTHER, BART | B6: 1018633 | C6: GULF | D6: EE-2 | F6: 0 | G6: EE-2 | H6: 0 | I6: EE-2 | J6: 0 | K6: EE-2 | L6: 0 | M6: OFF | N6: 0 | O6: OFF | P6: DIVERTED -ST | Q6: LF-2 | R6: 0 | S6: EE-2 | T6: SOUTHERN
A7: BAILEY, LORRIE | B7: 0746249 | C7: BLUE RIDGE | D7: PO-1 | F7: 0 | G7: OFF | H7: 0 | I7: PO-1 | J7: 0 | K7: PO-1 | L7: 0 | M7: PO-1 | N7: 0 | O7: PO-1 | P7: 0 | Q7: PO-1 | R7: 0 | S7: OFF | T7: SOUTHERN
A8: BAILEY, STEVEN | B8: 1019125 | C8: GREATLAKES | D8: CD-3 | F8: 0 | G8: CD-3 | H8: 0 | I8: CD-3 | J8: 0 | K8: OFF | L8: 0 | M8: OFF | N8: DIVERTED -ST | O8: CG-3 | P8: 0 | Q8: CD-3 | R8: 0 | S8: CD-3 | T8: NORTHERN
A9: BAKER, BRAD | B9: 0121619 | C9: KEYSTONE - ACD | D9: PB ACD-2-GOLD | F9: S-SD | G9: S-SD | H9: PL-D | I9: PL-D | J9: 0 | K9: ACD2-PB | L9: 0 | M9: ACD2-PB | N9: OVERTIME | O9: ACD2-PB | P9: OVERTIME | Q9: ACD2-PB | R9: 0 | S9: OFF | T9: NORTHERN ACD
A10: BALES, BRIAN | B10: 0186992 | C10: GREATLAKES - ACD | D10: DB ACD-1-BLUE | F10: 0 | G10: OFF | H10: 0 | I10: OFF | J10: 0 | K10: OFF | L10: 0 | M10: OFF | N10: 0 | O10: ACD1-DB | P10: 0 | Q10: ACD1-DB | R10: 0 | S10: ACD1-DB | T10: NORTHERN ACD
A11: BARTER, ELIZABETH | B11: 1007568 | C11: GULF | D11: KW-2 | F11: 0 | G11: KW-2 | H11: 0 | I11: OFF | J11: 0 | K11: OFF | L11: 0 | M11: KW-2 | N11: 0 | O11: KW-2 | P11: 0 | Q11: KW-2 | R11: 0 | S11: KW-2 | T11: SOUTHERN
A12: BAUMAN, BRENT | B12: 1003540 | C12: KEYSTONE | D12: MV-1 | F12: 0 | G12: MV-1 | H12: 0 | I12: MV-1 | J12: 0 | K12: OFF | L12: 0 | M12: OFF | N12: 0 | O12: MV-1 | P12: 0 | Q12: MV-1 | R12: 0 | S12: MV-1 | T12: NORTHERN
A13: BELCHER, MATT | B13: 0379554 | C13: COASTAL - ACD | D13: CO ACD-1-GOLD | F13: 0 | G13: ACD1-CO | H13: 0 | I13: ACD1-CO | J13: 0 | K13: ACD1-CO | L13: 0 | M13: ACD1-CO | N13: 0 | O13: OFF | P13: 0 | Q13: OFF | R13: 0 | S13: OFF | T13: SOUTHERN ACD
A14: BILLINGS, CYNTHIA | B14: 1003772 | C14: BLUE RIDGE | D14: HG-3 | F14: 0 | G14: HG-3 | H14: 0 | I14: HG-3 | J14: 0 | K14: HG-3 | L14: 0 | M14: HG-3 | N14: 0 | O14: OFF | P14: 0 | Q14: OFF | R14: V-SD | S14: V-SD | T14: SOUTHERN
A15: BLAIR, CHRISTINE | B15: 1004824 | C15: BLUE RIDGE | D15: ET-2 | F15: 0 | G15: ET-2 | H15: 0 | I15: ET-2 | J15: 0 | K15: OFF | L15: 0 | M15: OFF | N15: 0 | O15: ET-2 | P15: 0 | Q15: ET-2 | R15: 0 | S15: ET-2 | T15: SOUTHERN
A16: BLAIR, ROBERT | B16: 0876596 | C16: MIDWEST | D16: LF-2 | F16: V-WK | G16: V-WK | H16: V-WK | I16: V-WK | J16: 0 | K16: OFF | L16: 0 | M16: OFF | N16: 0 | O16: LF-2 | P16: S-SD | Q16: S-SD | R16: 0 | S16: LF-2 | T16: NORTHERN
A17: BOLEN, MEGAN | B17: 1019898 | C17: MIDWEST | D17: KC-2 | F17: 0 | G17: KC-2 | H17: 0 | I17: KC-2 | J17: 0 | K17: KC-2 | L17: 0 | M17: OFF | N17: 0 | O17: OFF | P17: 0 | Q17: KC-2 | R17: 0 | S17: KC-2 | T17: NORTHERN
A18: BONNER, DEVIAN | B18: 1030404 | C18: GREATLAKES - GAD | D18: EXTRA BOARD-GL-C | F18: 0 | G18: SA-1 | H18: 0 | I18: SA-2 | J18: 0 | K18: SA-2 | L18: 0 | M18: SA-3 | N18: 0 | O18: OFF | P18: 0 | Q18: OFF | R18: 0 | S18: MT-3 | T18: NORTHERN GAD
A19: BOUCHARD, SHARLIE | B19: 1028936 | C19: OTP | D19: OTP | E19: CG-R | F19: DIVERTED -ST | G19: CD-1 | H19: HOLD DOWN | I19: CG-2 | J19: HOLD DOWN | K19: CG-2 | L19: HOLD DOWN | M19: CG-3 | N19: HOLD DOWN | O19: OFF | P19: HOLD DOWN | Q19: OFF | R19: HOLD DOWN | S19: CG-1 | T19: OTP
A20: BOVIALL, STEVE | B20: 0768447 | C20: MIDWEST | D20: KY-3 | F20: OVERTIME | G20: LF-3 | H20: 0 | I20: KY-3 | J20: 0 | K20: KY-3 | L20: 0 | M20: KY-3 | N20: 0 | O20: KY-3 | P20: 0 | Q20: KY-3 | R20: 0 | S20: OFF | T20: NORTHERN
A21: BOX, MANDY | B21: 1014066 | C21: KEYSTONE | D21: DH-3 | F21: DIVERTED -ST | G21: PE-3 | H21: DIVERTED -ST | I21: LF-3 | K21: DH-3-POST | M21: DH-3-POST | O21: OFF | Q21: OFF | S21: DH-3-POST | T21: NORTHERN
A22: BOYD, MIA | B22: 0361480 | C22: KEYSTONE | D22: RL-R | F22: 0 | G22: RL-1 | H22: 0 | I22: RL-2 | J22: 0 | K22: RL-2 | L22: 0 | M22: RL-3 | N22: 0 | O22: OFF | P22: 0 | Q22: OFF | R22: 0 | S22: RL-1 | T22: NORTHERN
A23: BRAWNER, PEYTON | B23: 1026399 | C23: GULF | D23: CN-R | F23: 0 | G23: CN-1 | H23: 0 | I23: CN-1 | J23: 0 | K23: CN-2 | L23: 0 | M23: CN-2 | N23: 0 | O23: CN-3 | P23: 0 | Q23: OFF | R23: 0 | S23: OFF | T23: SOUTHERN
A24: BREITKREUZ, DUSTIN | B24: 1023892 | C24: MIDWEST - GAD | D24: EXTRA BOARD-MW-C | F24: 0 | G24: QC-2 | H24: 0 | I24: QC-2 | J24: 0 | K24: AVAILABLE | L24: 0 | M24: KY-2 | N24: 0 | O24: OFF | P24: 0 | Q24: OFF | R24: 0 | S24: QC-2 | T24: NORTHERN GAD
A25: BRENNEKE, TAMI | B25: 0133792 | C25: GREATLAKES | D25: SA-1 | F25: 0 | G25: OFF | H25: 0 | I25: SA-1 | J25: 0 | K25: SA-1 | L25: 0 | M25: SA-1 | N25: 0 | O25: SA-1 | P25: 0 | Q25: SA-1 | R25: 0 | S25: OFF | T25: NORTHERN
A26: BRIMAH, ABDUL | B26: 1016914 | C26: GREATLAKES | D26: MT-R | F26: 0 | G26: OFF | H26: 0 | I26: MT-1 | J26: 0 | K26: MT-1 | L26: 0 | M26: MT-2 | N26: 0 | O26: MT-2 | P26: 0 | Q26: MT-3 | R26: 0 | S26: OFF | T26: NORTHERN
A27: BROSKIN, CHRIS | B27: 0180517 | C27: GREATLAKES | D27: DT-1 | F27: 0 | G27: OFF | H27: 0 | I27: DT-1 | J27: 0 | K27: DT-1 | L27: 0 | M27: DT-1 | N27: 0 | O27: DT-1 | P27: 0 | Q27: DT-1 | R27: 0 | S27: OFF | T27: NORTHERN
A28: BRUNS, DANTRE | B28: 1015727 | C28: COASTAL | D28: NE-R | F28: 0 | G28: OFF | H28: 0 | I28: NE-1 | J28: 0 | K28: NE-1 | L28: 0 | M28: NE-2 | N28: FMLA | O28: FMLA | P28: FMLA | Q28: FMLA | R28: 0 | S28: OFF | T28: SOUTHERN
A29: BULLINGTON, BILLY | B29: 1003910 | C29: MIDWEST ATW | D29: MW ATW | F29: 0 | G29: OFF | H29: 0 | I29: OFF | J29: 0 | K29: SW-3 | L29: 0 | M29: SO-3 | N29: 0 | O29: SP-3 | P29: 0 | Q29: LF-3 | R29: 0 | S29: KC-3 | T29: NORTHERN
A30: BULLO, GABRIELLE | B30: 1003548 | C30: GREATLAKES | D30: DT-3 | F30: 0 | G30: DT-3 | H30: 0 | I30: DT-3 | J30: 0 | K30: OFF | L30: 0 | M30: OFF | N30: 0 | O30: DT-3 | P30: 0 | Q30: DT-3 | R30: 0 | S30: DT-3 | T30: NORTHERN
A31: BUSH, MONICA | B31: 0088383 | C31: GULF | D31: KW-3 | F31: 0 | G31: KW-3 | H31: 0 | I31: KW-3 | J31: 0 | K31: OFF | L31: 0 | M31: OFF | N31: 0 | O31: KW-3 | P31: 0 | Q31: KW-3 | R31: 0 | S31: KW-3 | T31: SOUTHERN
A32: CALHOUN, ARRICA | B32: 0192123 | C32: GULF - ACD | D32: GU ACD-2-GOLD | F32: V-SD | G32: V-SD | H32: V-SD | I32: V-SD | J32: V-SD | K32: V-SD | L32: V-SD | M32: V-SD | N32: 0 | O32: OFF | P32: 0 | Q32: OFF | R32: 0 | S32: OFF | T32: SOUTHERN ACD
A33: CAMARDA, CHRIS | B33: 0121255 | C33: KEYSTONE | D33: HT-1 | F33: 0 | G33: OFF | H33: 0 | I33: HT-1 | J33: 0 | K33: HT-1 | L33: 0 | M33: HT-1 | N33: 0 | O33: HT-1 | P33: 0 | Q33: HT-1 | R33: 0 | S33: OFF | T33: NORTHERN
A34: CAREY, JON | B34: 1016564 | C34: MIDWEST | D34: SO-R | F34: 0 | G34: SO-1 | H34: 0 | I34: SO-1 | J34: 0 | K34: SO-2 | L34: DIVERTED -ST | M34: PE-2 | N34: S-SD | O34: S-SD | P34: 0 | Q34: OFF | R34: 0 | S34: OFF | T34: NORTHERN
A35: CARLSON, MATT | B35: 0341348 | C35: BLUE RIDGE - ACD | D35: BR ACD-1-GOLD | F35: 0 | G35: ACD1-BR | H35: 0 | I35: ACD1-BR | J35: 0 | K35: ACD1-BR | L35: 0 | M35: ACD1-BR | N35: 0 | O35: OFF | P35: 0 | Q35: OFF | R35: 0 | S35: OFF | T35: SOUTHERN ACD
A36: CARR, JEREMY | B36: 0139924 | C36: KEYSTONE | D36: HE-1 | F36: 0 | G36: OFF | H36: 0 | I36: OFF | J36: S-APPT | K36: S-APPT | L36: 0 | M36: HE-1 | N36: 0 | O36: HE-1 | P36: 0 | Q36: HE-1 | R36: 0 | S36: HE-1 | T36: NORTHERN
A37: CARTER, TREY | B37: 1031694 | C37: BLUE RIDGE - GAD | D37: EXTRA BOARD-BR-C | F37: 0 | G37: NR-1 | H37: 0 | I37: DV-1 | J37: 0 | K37: DV-3 | L37: 0 | M37: AVAILABLE | N37: 0 | O37: OFF | P37: 0 | Q37: OFF | R37: 0 | S37: DV-1 | T37: SOUTHERN GAD
A38: CHEDDICK-GEORGE, RASHIDA | B38: 1028870 | C38: GULF - TRAINEE | D38: GU TRAINEE | F38: 0 | G38: EE-3-POST | H38: 0 | I38: EE-3-POST | J38: 0 | K38: EE-3-POST | L38: 0 | M38: EE-3-POST | N38: 0 | O38: EE-3-POST | P38: 0 | Q38: EE-3-POST | R38: 0 | S38: OFF | T38: SOUTHERN TRAINEE
A39: CHERRY, ERICA | B39: 1015931 | C39: MIDWEST | D39: SW-R | F39: 0 | G39: SW-1 | H39: 0 | I39: SW-2 | J39: 0 | K39: SW-2 | L39: 0 | M39: SW-3 | N39: 0 | O39: OFF | P39: 0 | Q39: OFF | R39: 0 | S39: SW-1 | T39: NORTHERN
A40: CLAFFY, DEIDRE | B40: 1025497 | C40: KEYSTONE | D40: HT-R | F40: 0 | G40: HT-1 | H40: 0 | I40: HT-2 | J40: 0 | K40: HT-2 | L40: 0 | M40: HT-3 | N40: 0 | O40: OFF | P40: 0 | Q40: OFF | R40: 0 | S40: HT-1 | T40: NORTHERN
A41: CLEVENGER, R LANCE | B41: 0321650 | C41: GULF | D41: CN-3 | F41: 0 | G41: CN-3 | H41: 0 | I41: CN-3 | J41: 0 | K41: CN-3 | L41: 0 | M41: CN-3 | N41: 0 | O41: OFF | P41: 0 | Q41: OFF | R41: 0 | S41: CN-3 | T41: SOUTHERN
A42: CLUBBS, DARIN | B42: 0133897 | C42: GREATLAKES | D42: CD-1 | F42: 0 | G42: OFF | H42: 0 | I42: CD-1 | J42: 0 | K42: CD-1 | L42: 0 | M42: CD-1 | N42: 0 | O42: CD-1 | P42: 0 | Q42: CD-1 | R42: 0 | S42: OFF | T42: NORTHERN
A43: COBB, MATT | B43: 1030360 | C43: GULF - GAD | D43: EXTRA BOARD-GU-C | F43: 0 | G43: BT-1 | H43: 0 | I43: AVAILABLE | J43: 0 | K43: AVAILABLE | L43: 0 | M43: AVAILABLE | N43: 0 | O43: OFF | P43: 0 | Q43: OFF | R43: 0 | S43: ME-1 | T43: SOUTHERN GAD
A44: COLEMAN, JOEL | B44: 0394807 | C44: MIDWEST | D44: KC-R | F44: 0 | G44: OFF | H44: V-SD | I44: V-SD | J44: V-SD | K44: V-SD | L44: 0 | M44: KC-2 | N44: 0 | O44: KC-2 | P44: 0 | Q44: KC-3 | R44: 0 | S44: OFF | T44: NORTHERN
A45: COOPER, JAMES | B45: 1015258 | C45: BLUE RIDGE | D45: HG-2 | F45: 0 | G45: HG-2 | H45: 0 | I45: HG-2 | J45: 0 | K45: OFF | L45: 0 | M45: OFF | N45: 0 | O45: HG-2 | P45: 0 | Q45: HG-2 | R45: 0 | S45: HG-2 | T45: SOUTHERN
A46: COX, ANDY | B46: 0935291 | C46: MIDWEST | D46: SO-1 | F46: 0 | G46: OFF | H46: 0 | I46: OFF | J46: 0 | K46: SO-1 | L46: 0 | M46: SO-1 | N46: 0 | O46: SO-1 | P46: 0 | Q46: SO-1 | R46: 0 | S46: SO-1 | T46: NORTHERN
A47: COX, DERICK | B47: 0003298 | C47: COASTAL | D47: GS-1 | F47: 0 | G47: OFF | H47: 0 | I47: OFF | J47: 0 | K47: GS-1 | L47: 0 | M47: GS-1 | N47: CB | O47: CB | P47: 0 | Q47: GS-1 | R47: 0 | S47: GS-1 | T47: SOUTHERN
A48: CREWS, THORNE | B48: 1031180 | C48: BLUE RIDGE - GAD | D48: EXTRA BOARD-BR-C | F48: 0 | G48: AVAILABLE | H48: 0 | I48: AVAILABLE | J48: 0 | K48: RT-3 | L48: 0 | M48: PO-3 | N48: 0 | O48: OFF | P48: 0 | Q48: OFF | R48: 0 | S48: AVAILABLE | T48: SOUTHERN GAD
A49: CROUTHARMEL, JASON | B49: 0150487 | C49: KEYSTONE | D49: RL-2 | F49: 0 | G49: RL-2 | H49: 0 | I49: OFF | J49: 0 | K49: OFF | L49: 0 | M49: RL-2 | N49: 0 | O49: RL-2 | P49: 0 | Q49: RL-2 | R49: 0 | S49: RL-2 | T49: NORTHERN
A50: CURRY, CASEY | B50: 1030402 | C50: COASTAL - GAD | D50: EXTRA BOARD-CO-A | F50: 0 | G50: OFF | H50: 0 | I50: OFF | J50: 0 | K50: AS-3 | L50: 0 | M50: AVAILABLE | N50: 0 | O50: SV-2 | P50: 0 | Q50: NO-2 | R50: 0 | S50: AVAILABLE | T50: SOUTHERN GAD
A51: DAVIS, JIM | B51: 0786723 | C51: BLUE RIDGE | D51: RT-3 | F51: 0 | G51: RT-3 | H51: 0 | I51: RT-3 | J51: S-APPT | K51: S-APPT | L51: 0 | M51: RT-3 | N51: 0 | O51: RT-3 | P51: 0 | Q51: OFF | R51: 0 | S51: OFF | T51: SOUTHERN
A52: DAVIS, MARK | B52: 0394821 | C52: BLUE RIDGE | D52: KN-2 | F52: 0 | G52: KN-2 | H52: 0 | I52: OFF | J52: 0 | K52: OFF | L52: 0 | M52: KN-2 | N52: S-SD | O52: S-SD | P52: S-SD | Q52: S-SD | R52: 0 | S52: KN-2 | T52: SOUTHERN
A53: DAVIS, MATT | B53: 0146546 | C53: KEYSTONE | D53: HT-2 | F53: 0 | G53: HT-2 | H53: 0 | I53: OFF | J53: 0 | K53: OFF | L53: DIVERTED -ST | M53: ACD1-HB | N53: 0 | O53: HT-2 | P53: 0 | Q53: HT-2 | R53: 0 | S53: HT-2 | T53: NORTHERN
A54: DAY, DARRELL | B54: 0356174 | C54: COASTAL | D54: NE-3 | F54: 0 | G54: NE-3 | H54: 0 | I54: NE-3 | J54: 0 | K54: NE-3 | L54: 0 | M54: NE-3 | N54: 0 | O54: NE-3 | P54: OVERTIME | Q54: NE-3 | R54: 0 | S54: OFF | T54: SOUTHERN
A55: DEJESUS, DAVE | B55: 0768879 | C55: KEYSTONE | D55: CE-1 | F55: 0 | G55: OFF | H55: 0 | I55: OFF | J55: 0 | K55: CE-1 | L55: 0 | M55: CE-1 | N55: 0 | O55: CE-1 | P55: 0 | Q55: CE-1 | R55: 0 | S55: CE-1 | T55: NORTHERN
A56: DENNIS, JOHN | B56: 1027200 | C56: COASTAL - GAD | D56: EXTRA BOARD-CO-A | F56: 0 | G56: OFF | H56: 0 | I56: OFF | J56: CHECK NOTE | K56: IN-2 | L56: 0 | M56: IN-2 | N56: 0 | O56: NE-2 | P56: 0 | Q56: EE-2 | R56: 0 | S56: AVAILABLE | T56: SOUTHERN GAD
A57: DICK, KAYLA | B57: 1019609 | C57: KEYSTONE | D57: MV-2 | F57: 0 | G57: MV-2 | H57: 0 | I57: MV-2 | J57: 0 | K57: MV-2 | L57: 0 | M57: MV-2 | N57: 0 | O57: OFF | P57: 0 | Q57: OFF | R57: 0 | S57: MV-2 | T57: NORTHERN
A58: DICKERSON, BRANDON | B58: 1023677 | C58: COASTAL - ACD | D58: CO ACD-2-BLUE | F58: 0 | G58: OFF | H58: 0 | I58: OFF | J58: 0 | K58: OFF | L58: 0 | M58: OFF | N58: 0 | O58: ACD2-CO | P58: 0 | Q58: ACD2-CO | R58: 0 | S58: ACD2-CO | T58: SOUTHERN ACD
A59: DICKERSON, RUSSELL | B59: 0671657 | C59: BLUE RIDGE | D59: NR-1 | F59: 0 | G59: OFF | H59: 0 | I59: OFF | J59: 0 | K59: NR-1 | L59: 0 | M59: NR-1 | N59: 0 | O59: NR-1 | P59: 0 | Q59: NR-1 | R59: 0 | S59: NR-1 | T59: SOUTHERN
A60: DILL, GERALD | B60: 0080228 | C60: BLUE RIDGE | D60: HG-1 | F60: 0 | G60: OFF | H60: 0 | I60: OFF | J60: 0 | K60: HG-1 | L60: 0 | M60: HG-1 | N60: 0 | O60: HG-1 | P60: 0 | Q60: HG-1 | R60: 0 | S60: HG-1 | T60: SOUTHERN
A61: DILLARD, ROBERT | B61: 1021261 | C61: COASTAL - TRAINEE | D61: CO TRAINEE | F61: 0 | G61: OFF | H61: 0 | I61: SV-3-POST | J61: 0 | K61: SV-3-POST | L61: 0 | M61: SV-3-POST | N61: 0 | O61: OFF | P61: 0 | Q61: SV-3-POST | R61: 0 | S61: SV-3-POST | T61: SOUTHERN TRAINEE
A62: DIPRIMA, JASON | B62: 1027201 | C62: MIDWEST - GAD | D62: EXTRA BOARD-MW-A | F62: 0 | G62: OFF | H62: 0 | I62: OFF | J62: 0 | K62: LF-3 | L62: 0 | M62: LF-3 | N62: 0 | O62: SW-3-POST | P62: 0 | Q62: QC-3 | R62: 0 | S62: SW-3-POST | T62: NORTHERN GAD
A63: DOBBS, JEREMY | B63: 1028867 | C63: COASTAL - GAD | D63: EXTRA BOARD-CO-C | F63: 0 | G63: CH-1 | H63: 0 | I63: SE-2 | J63: 0 | K63: CH-3 | L63: 0 | M63: CH-3 | N63: 0 | O63: OFF | P63: 0 | Q63: OFF | R63: 0 | S63: AVAILABLE | T63: SOUTHERN GAD
A64: DONALDSON, CODY | B64: 1018784 | C64: GREATLAKES | D64: MT-3 | F64: 0 | G64: MT-3 | H64: 0 | I64: MT-3 | J64: 0 | K64: MT-3 | L64: 0 | M64: MT-3 | N64: 0 | O64: MT-3 | P64: 0 | Q64: OFF | R64: 0 | S64: OFF | T64: NORTHERN
A65: DONNOLO, JOE | B65: 1030395 | C65: COASTAL | D65: IN-3 | F65: FMLA | G65: FMLA | H65: 0 | I65: IN-3 | J65: 0 | K65: IN-3 | L65: 0 | M65: OFF | N65: 0 | O65: OFF | P65: FMLA | Q65: FMLA | R65: FMLA | S65: FMLA | T65: SOUTHERN
A66: DORTCH, NANCY | B66: 0380639 | C66: MIDWEST | D66: KY-1 | F66: 0 | G66: KY-1 | H66: 0 | I66: KY-1 | J66: 0 | K66: KY-1 | L66: 0 | M66: OFF | N66: 0 | O66: OFF | P66: 0 | Q66: KY-1 | R66: 0 | S66: KY-1 | T66: NORTHERN
A67: DOUGHERTY, MIKE | B67: 1015725 | C67: GREATLAKES | D67: DT-R | F67: 0 | G67: DT-1 | H67: 0 | I67: DT-2 | J67: 0 | K67: DT-2 | L67: DIVERTED -ST | M67: HE-3 | N67: 0 | O67: OFF | P67: 0 | Q67: OFF | R67: V-WK | S67: V-WK | T67: NORTHERN
A68: DUNCAN, CRAIG | B68: 0374752 | C68: RELIEF ACD'S | D68: R-ACD-GOLD | F68: 0 | G68: ACD1-DB | H68: 0 | I68: ACD1-DB | J68: 0 | K68: ACD1-LK | L68: 0 | M68: ACD1-LK | N68: OVERTIME | O68: ACD2-DB | P68: OVERTIME | Q68: ACD2-DB | R68: 0 | S68: OFF | T68: RELIEF ACD
A69: DYE, JAMES | B69: 0766272 | C69: KEYSTONE | D69: MV-3 | F69: 0 | G69: OFF | H69: 0 | I69: MV-3 | J69: 0 | K69: MV-3 | L69: 0 | M69: MV-3 | N69: 0 | O69: MV-3 | P69: 0 | Q69: MV-3 | R69: 0 | S69: OFF | T69: NORTHERN
A70: EASTHAM, DARBY | B70: 0967652 | C70: GULF | D70: ME-1 | F70: 0 | G70: OFF | H70: 0 | I70: OFF | J70: 0 | K70: ME-1 | L70: 0 | M70: ME-1 | N70: 0 | O70: ME-1 | P70: 0 | Q70: ME-1 | R70: S-SD | S70: S-SD | T70: SOUTHERN
A71: EASTWOOD, JASON | B71: 0912107 | C71: MIDWEST - ACD | D71: MW ACD-1-GOLD | F71: CB | G71: CB | H71: 0 | I71: ACD1-MW | J71: 0 | K71: ACD1-MW | L71: 0 | M71: ACD1-MW | N71: 0 | O71: OFF | P71: 0 | Q71: OFF | R71: 0 | S71: OFF | T71: NORTHERN ACD
A72: ELLIOTT, SHELDON | B72: 0636846 | C72: COASTAL | D72: NE-1 | F72: 0 | G72: NE-1 | H72: 0 | I72: OFF | J72: 0 | K72: OFF | L72: 0 | M72: NE-1 | N72: 0 | O72: NE-1 | P72: 0 | Q72: NE-1 | R72: 0 | S72: NE-1 | T72: SOUTHERN
A73: FAIRCLOTH, HANNAH | B73: 1008648 | C73: GULF | D73: ME-2 | F73: 0 | G73: ME-2 | H73: 0 | I73: ME-2 | J73: 0 | K73: OFF | L73: 0 | M73: OFF | N73: DIVERTED -ST | O73: QC-2 | P73: DIVERTED -ST | Q73: QC-2 | R73: 0 | S73: ME-2 | T73: SOUTHERN
A74: FALLINGS-AMIS, JAMISON | B74: 1028876 | C74: MIDWEST - GAD | D74: EXTRA BOARD-MW-A | F74: 0 | G74: OFF | H74: 0 | I74: OFF | J74: 0 | K74: AVAILABLE | L74: 0 | M74: AVAILABLE | N74: 0 | O74: QC-1 | P74: 0 | Q74: SP-1 | R74: 0 | S74: QC-3 | T74: NORTHERN GAD
A75: FEIGL, SARAH | B75: 1019601 | C75: BLUE RIDGE - ACD | D75: BR ACD-1-BLUE | F75: OVERTIME | G75: ACD2-BR | H75: 0 | I75: OFF | J75: 0 | K75: OFF | L75: 0 | M75: OFF | N75: 0 | O75: ACD1-BR | P75: 0 | Q75: ACD1-BR | R75: 0 | S75: ACD1-BR | T75: SOUTHERN ACD
A76: FERGUSON, CRAIG | B76: 1015265 | C76: COASTAL | D76: CH-R | F76: DIVERTED -ST | G76: PE-1 | H76: 0 | I76: CH-1 | J76: 0 | K76: CH-2 | L76: S-SD | M76: S-SD | N76: 0 | O76: CH-3 | P76: 0 | Q76: OFF | R76: 0 | S76: OFF | T76: SOUTHERN
A77: FERRELL, EVAN | B77: 1027358 | C77: GREATLAKES | D77: EL-2 | F77: 0 | G77: EL-2 | H77: 0 | I77: EL-2 | J77: 0 | K77: OFF | L77: 0 | M77: OFF | N77: 0 | O77: EL-2 | P77: 0 | Q77: EL-2 | R77: 0 | S77: EL-2 | T77: NORTHERN
A78: FIELDS, DETRON | B78: 1026393 | C78: GREATLAKES | D78: DE-2 | F78: 0 | G78: DE-2 | H78: 0 | I78: DE-2 | J78: 0 | K78: OFF | L78: 0 | M78: OFF | N78: 0 | O78: DE-2 | P78: 0 | Q78: DE-2 | R78: 0 | S78: DE-2 | T78: NORTHERN
A79: FITZGERALD, JIM | B79: 1015462 | C79: BLUE RIDGE | D79: AS-2 | F79: 0 | G79: AS-2 | H79: 0 | I79: OFF | J79: 0 | K79: OFF | L79: 0 | M79: AS-2 | N79: 0 | O79: AS-2 | P79: 0 | Q79: AS-2 | R79: 0 | S79: AS-2 | T79: SOUTHERN
A80: FLEITES, FRANK | B80: 1030369 | C80: KEYSTONE -GAD | D80: EXTRA BOARD-KS-A | E80: CE-R | F80: HOLD DOWN | G80: CE-1 | H80: HOLD DOWN | I80: CE-1 | J80: HOLD DOWN | K80: CE-2 | L80: HOLD DOWN | M80: CE-2 | N80: HOLD DOWN | O80: CE-3 | P80: HOLD DOWN | Q80: OFF | R80: HOLD DOWN | S80: OFF | T80: NORTHERN GAD
A81: FOGLE, MARLO | B81: 0186607 | C81: COASTAL | D81: SV-1 | F81: 0 | G81: OFF | H81: 0 | I81: SV-1 | J81: 0 | K81: SV-1 | L81: V-SD | M81: V-SD | N81: PL-D | O81: PL-D | P81: 0 | Q81: SV-1 | R81: 0 | S81: OFF | T81: SOUTHERN
A82: FORREST, AMANDA | B82: 1031116 | C82: BLUE RIDGE - GAD | D82: EXTRA BOARD-BR-B | F82: 0 | G82: KN-3 | H82: FMLA | I82: FMLA | J82: OVERTIME | K82: NR-3 | L82: 0 | M82: OFF | N82: 0 | O82: KN-1 | P82: 0 | Q82: NR-3 | R82: 0 | S82: SA-3-POST | T82: SOUTHERN GAD
A83: FOWLER, LAKECIA | B83: 0396627 | C83: COASTAL | D83: IN-R | F83: BEREAVEMENT UNPAID | G83: BEREAVEMENT UNPAID | H83: BEREAVEMENT UNPAID | I83: BEREAVEMENT UNPAID | J83: BEREAVEMENT UNPAID | K83: BEREAVEMENT UNPAID | L83: V-SD | M83: V-SD | N83: FMLA | O83: FMLA | P83: 0 | Q83: OFF | R83: 0 | S83: OFF | T83: SOUTHERN
A84: FOX, JEFFERY | B84: 0013826 | C84: GULF - ACD | D84: GU ACD-1-BLUE | F84: 0 | G84: OFF | H84: 0 | I84: OFF | J84: 0 | K84: OFF | L84: 0 | M84: OFF | N84: 0 | O84: ACD1-GU | P84: 0 | Q84: ACD1-GU | R84: 0 | S84: ACD1-GU | T84: SOUTHERN ACD
A85: FRAZIER, PATRICK | B85: 0178816 | C85: BLUE RIDGE | D85: AS-1 | F85: 0 | G85: OFF | H85: 0 | I85: AS-1 | J85: 0 | K85: AS-1 | L85: 0 | M85: AS-1 | N85: 0 | O85: AS-1 | P85: 0 | Q85: AS-1 | R85: 0 | S85: OFF | T85: SOUTHERN
A86: FRAZIER, RICKEY | B86: 1018780 | C86: GULF ATW | D86: GU ATW | F86: 0 | G86: OFF | H86: 0 | I86: OFF | J86: 0 | K86: KW-3 | L86: 0 | M86: 3B-3 | N86: DIVERTED -ST | O86: SO-3 | P86: 0 | Q86: NO-3 | R86: 0 | S86: EE-3 | T86: SOUTHERN
A87: FRAZIER, WILLIE | B87: 1032756 | C87: GULF - GAD | D87: EXTRA BOARD-GU-B | F87: 0 | G87: CN-2-POST | H87: 0 | I87: CN-2-POST | J87: 0 | K87: OFF | L87: 0 | M87: OFF | N87: 0 | O87: CN-2-POST | P87: CHECK NOTE | Q87: CN-2-POST | R87: 0 | S87: CN-2-POST | T87: SOUTHERN GAD
A88: FREEMAN, ANGELIQUE | B88: 1024514 | C88: GULF | D88: ME-R | F88: 0 | G88: ME-1 | H88: 0 | I88: ME-1 | J88: 0 | K88: ME-2 | L88: 0 | M88: ME-2 | N88: 0 | O88: ME-3 | P88: 0 | Q88: OFF | R88: 0 | S88: OFF | T88: SOUTHERN
A89: FUNK, TODD | B89: 0928053 | C89: MIDWEST | D89: KC-3 | F89: 0 | G89: KC-3 | H89: 0 | I89: KC-3 | J89: 0 | K89: KC-3 | L89: 0 | M89: KC-3 | N89: 0 | O89: KC-3 | P89: 0 | Q89: OFF | R89: 0 | S89: OFF | T89: NORTHERN
A90: GADDIS, CRAIG | B90: 0191906 | C90: COASTAL - ACD | D90: CO ACD-2-GOLD | F90: 0 | G90: ACD2-CO | H90: 0 | I90: ACD2-CO | J90: 0 | K90: ACD2-CO | L90: 0 | M90: ACD2-CO | N90: 0 | O90: OFF | P90: 0 | Q90: OFF | R90: 0 | S90: OFF | T90: SOUTHERN ACD
A91: GARRETT, DARREN | B91: 1031679 | C91: MIDWEST - GAD | D91: EXTRA BOARD-MW-C | F91: 0 | G91: AVAILABLE | H91: 0 | I91: KC-1 | J91: 0 | K91: KC-1 | L91: 0 | M91: SO-2 | N91: 0 | O91: OFF | P91: 0 | Q91: OFF | R91: 0 | S91: SO-2 | T91: NORTHERN GAD
A92: GEE, ASHLEY | B92: 1029340 | C92: KEYSTONE -GAD | D92: EXTRA BOARD-KS-A | F92: 0 | G92: OFF | H92: 0 | I92: OFF | J92: 0 | K92: CT-1-POST | L92: 0 | M92: CT-1-POST | N92: 0 | O92: CT-1-POST | P92: 0 | Q92: CT-1-POST | R92: 0 | S92: CT-1-POST | T92: NORTHERN GAD
A93: GERARD, MAGGIE | B93: 1025521 | C93: MIDWEST - ACD | D93: MW ACD-2-BLUE | F93: 0 | G93: OFF | H93: 0 | I93: OFF | J93: 0 | K93: OFF | L93: 0 | M93: OFF | N93: 0 | O93: ACD2-MW | P93: 0 | Q93: ACD2-MW | R93: 0 | S93: ACD2-MW | T93: NORTHERN ACD
A94: GILLESPIE, JEREMY | B94: 0162324 | C94: GULF | D94: CN-1 | F94: 0 | G94: OFF | H94: 0 | I94: OFF | J94: 0 | K94: CN-1 | L94: 0 | M94: CN-1 | N94: 0 | O94: CN-1 | P94: 0 | Q94: CN-1 | R94: 0 | S94: CN-1 | T94: SOUTHERN
A95: GILREATH, AUSTIN | B95: 1034341 | C95: KEYSTONE - TRAINEE | D95: KY TRAINEE | F95: 0 | G95: OFF | H95: 0 | I95: PE-3-POST | J95: 0 | K95: PE-3-POST | L95: 0 | M95: PE-3-POST | N95: 0 | O95: OFF | P95: 0 | Q95: PE-3-POST | R95: 0 | S95: PE-3-POST | T95: NORTHERN TRAINEE
A96: GLACE, JOSH | B96: 0339164 | C96: GREATLAKES | D96: CG-1 | F96: 0 | G96: OFF | H96: 0 | I96: CG-1 | J96: 0 | K96: CG-1 | L96: 0 | M96: CG-1 | N96: 0 | O96: CG-1 | P96: 0 | Q96: CG-1 | R96: 0 | S96: OFF | T96: NORTHERN
A97: GODFREY, DENNIS | B97: 0137516 | C97: BLUE RIDGE | D97: AS-R | F97: 0 | G97: AS-1 | H97: 0 | I97: AS-2 | J97: 0 | K97: AS-2 | L97: 0 | M97: AS-3 | N97: 0 | O97: OFF | P97: 0 | Q97: OFF | R97: 0 | S97: AS-1 | T97: SOUTHERN
A98: GOEBEL, IAN | B98: 0768132 | C98: BLUE RIDGE | D98: RT-1 | F98: 0 | G98: RT-1 | H98: OOS | I98: OFF | J98: OOS | K98: OFF | L98: OOS | M98: OOS | N98: 0 | O98: RT-1 | P98: 0 | Q98: RT-1 | R98: 0 | S98: RT-1 | T98: SOUTHERN
A99: GONZALEZ, OAKLEY | B99: 1028269 | C99: GULF | D99: CN-2 | F99: 0 | G99: CN-2 | H99: 0 | I99: CN-2 | J99: 0 | K99: OFF | L99: 0 | M99: OFF | N99: 0 | O99: CN-2 | P99: DIVERTED -ST | Q99: CG-2 | R99: 0 | S99: CN-2 | T99: SOUTHERN
A100: GOODREAU, TERRY | B100: 0117265 | C100: KEYSTONE - ACD | D100: HB ACD-1-GOLD | F100: 0 | G100: ACD1-HB | H100: 0 | I100: ACD1-HB | J100: 0 | K100: ACD1-HB | L100: NCL | M100: NCL | N100: 0 | O100: OFF | P100: 0 | Q100: OFF | R100: 0 | S100: OFF | T100: NORTHERN ACD
...

Sheet SOUTHERN REGION SCHEDULE
F1: SOUTHERN REGION NETWORK OPERATIONS CENTER DISPATCHER SCHEDULE
G4: =TEXT(G5,"dddd") -> Saturday | H4: =TEXT(H5,"dddd") -> Sunday | I4: =TEXT(I5,"dddd") -> Monday | J4: =TEXT(J5,"dddd") -> Tuesday | K4: =TEXT(K5,"dddd") -> Wednesday | L4: =TEXT(L5,"dddd") -> Thursday | M4: =TEXT(M5,"dddd") -> Friday
F5: DESK | G5: =Sheet1!F1 -> 45969 | H5: =+G5+1 -> 45970 | I5: =+H5+1 -> 45971 | J5: =+I5+1 -> 45972 | K5: =+J5+1 -> 45973 | L5: =+K5+1 -> 45974 | M5: =+L5+1 -> 45975
F6: COASTAL
C7: 1ST SHIFT | E7: NE-1 | F7: NE - NORTH END | G7: {=IF(RIGHT(_xlfn._xlws.FILTER(Sheet1!$G$2:$G$333,(Sheet1!$G$2:$G$333=$E7)+(Sheet1!$G$2:$G$333=$E8)+(Sheet1!$G$2:$G$333=$E9),""),4)="POST",CONCATENATE(_xlfn._xlws.FILTER(Sheet1!$A$2:$A$333,(Sheet1!$G$2:$G$333=$E7)+(Sheet1!$G$2:$G$333=$E8)+(Sheet1!$G$2:$G$333=$E9),""),"-","POST"),_xlfn._xlws.FILTER(Sheet1!$A$2:$A$333,(Sheet1!$G$2:$G$333=$E7)+(Sheet1!$G$2:$G$333=$E8)+(Sheet1!$G$2:$G$333=$E9),"UNFILLED"))} -> ELLIOTT, SHELDON | H7: {=IF(RIGHT(_xlfn._xlws.FILTER(Sheet1!$I$2:$I$333,(Sheet1!$I$2:$I$333=$E7)+(Sheet1!$I$2:$I$333=$E8)+(Sheet1!$I$2:$I$333=$E9),""),4)="POST",CONCATENATE(_xlfn._xlws.FILTER(Sheet1!$A$2:$A$333,(Sheet1!$I$2:$I$333=$E7)+(Sheet1!$I$2:$I$333=$E8)+(Sheet1!$I$2:$I$333=$E9),""),"-","POST"),_xlfn._xlws.FILTER(Sheet1!$A$2:$A$333,(Sheet1!$I$2:$I$333=$E7)+(Sheet1!$I$2:$I$333=$E8)+(Sheet1!$I$2:$I$333=$E9),"UNFILLED"))} -> BRUNS, DANTRE | I7: {=IF(RIGHT(_xlfn._xlws.FILTER(Sheet1!$K$2:$K$333,(Sheet1!$K$2:$K$333=$E7)+(Sheet1!$K$2:$K$333=$E8)+(Sheet1!$K$2:$K$333=$E9),""),4)="POST",CONCATENATE(_xlfn._xlws.FILTER(Sheet1!$A$2:$A$333,(Sheet1!$K$2:$K$333=$E7)+(Sheet1!$K$2:$K$333=$E8)+(Sheet1!$K$2:$K$333=$E9),""),"-","POST"),_xlfn._xlws.FILTER(Sheet1!$A$2:$A$333,(Sheet1!$K$2:$K$333=$E7)+(Sheet1!$K$2:$K$333=$E8)+(Sheet1!$K$2:$K$333=$E9),"UNFILLED"))} -> BRUNS, DANTRE | J7: {=IF(RIGHT(_xlfn._xlws.FILTER(Sheet1!M$2:M$333,(Sheet1!M$2:M$333=$E7)+(Sheet1!M$2:M$333=$E8)+(Sheet1!M$2:M$333=$E9),""),4)="POST",CONCATENATE(_xlfn._xlws.FILTER(Sheet1!$A$2:$A$333,(Sheet1!M$2:M$333=$E7)+(Sheet1!M$2:M$333=$E8)+(Sheet1!M$2:M$333=$E9),""),"-","POST"),_xlfn._xlws.FILTER(Sheet1!$A$2:$A$333,(Sheet1!M$2:M$333=$E7)+(Sheet1!M$2:M$333=$E8)+(Sheet1!M$2:M$333=$E9),"UNFILLED"))} -> ELLIOTT, SHELDON | K7: {=IF(RIGHT(_xlfn._xlws.FILTER(Sheet1!$O$2:$O$333,(Sheet1!$O$2:$O$333=$E7)+(Sheet1!$O$2:$O$333=$E8)+(Sheet1!$O$2:$O$333=$E9),""),4)="POST",CONCATENATE(_xlfn._xlws.FILTER(Sheet1!$A$2:$A$333,(Sheet1!$O$2:$O$333=$E7)+(Sheet1!$O$2:$O$333=$E8)+(Sheet1!$O$2:$O$333=$E9),""),"-","POST"),_xlfn._xlws.FILTER(Sheet1!$A$2:$A$333,(Sheet1!$O$2:$O$333=$E7)+(Sheet1!$O$2:$O$333=$E8)+(Sheet1!$O$2:$O$333=$E9),"UNFILLED"))} -> ELLIOTT, SHELDON | L7: {=IF(RIGHT(_xlfn._xlws.FILTER(Sheet1!$Q$2:$Q$333,(Sheet1!$Q$2:$Q$333=$E7)+(Sheet1!$Q$2:$Q$333=$E8)+(Sheet1!$Q$2:$Q$333=$E9),""),4)="POST",CONCATENATE(_xlfn._xlws.FILTER(Sheet1!$A$2:$A$333,(Sheet1!$Q$2:$Q$333=$E7)+(Sheet1!$Q$2:$Q$333=$E8)+(Sheet1!$Q$2:$Q$333=$E9),""),"-","POST"),_xlfn._xlws.FILTER(Sheet1!$A$2:$A$333,(Sheet1!$Q$2:$Q$333=$E7)+(Sheet1!$Q$2:$Q$333=$E8)+(Sheet1!$Q$2:$Q$333=$E9),"UNFILLED"))} -> ELLIOTT, SHELDON | M7: {=IF(RIGHT(_xlfn._xlws.FILTER(Sheet1!$S$2:$S$333,(Sheet1!$S$2:$S$333=$E7)+(Sheet1!$S$2:$S$333=$E8)+(Sheet1!$S$2:$S$333=$E9),""),4)="POST",CONCATENATE(_xlfn._xlws.FILTER(Sheet1!$A$2:$A$333,(Sheet1!$S$2:$S$333=$E7)+(Sheet1!$S$2:$S$333=$E8)+(Sheet1!$S$2:$S$333=$E9),""),"-","POST"),_xlfn._xlws.FILTER(Sheet1!$A$2:$A$333,(Sheet1!$S$2:$S$333=$E7)+(Sheet1!$S$2:$S$333=$E8)+(Sheet1!$S$2:$S$333=$E9),"UNFILLED"))} -> ELLIOTT, SHELDON
E8: =_xlfn.CONCAT(E7,"-","POST") -> NE-1-POST
E9: =_xlfn.CONCAT(E7,"-","PILOT") -> NE-1-PILOT
